# Host: localhost  (Version 5.7.19-log)
# Date: 2017-10-16 16:14:19
# Generator: MySQL-Front 6.0  (Build 1.124)


#
# Data for table "buyhistory"
#


#
# Data for table "cart"
#


#
# Data for table "category"
#


#
# Data for table "m_category"
#

REPLACE INTO `m_category` (`c_id`,`c_name`) VALUES ('0002','食品'),('0003','お酒'),('0004','車'),('0005','おもちゃ'),('0006','薬'),('0007','パソコン'),('0008','ホーム＆キッチン'),('0009','本'),('0010','ビデオ'),('0011','家電');

#
# Data for table "m_product"
#

REPLACE INTO `m_product` (`p_id`,`p_name`,`p_count`,`p_price`,`p_img`,`p_img2`,`p_img3`,`c_id`) VALUES ('0002','単機能レンジ22L',100,15000,NULL,NULL,NULL,'0002'),('0003','炊飯器マイコン式',100,7000,NULL,NULL,NULL,'0002'),('0004','電気ケトル1.2L',100,5000,NULL,NULL,NULL,'0002'),('0005','焼肉グリルやきまる',100,8000,NULL,NULL,NULL,'0002'),('0006','オーストラリア産牛もも（1kg）',100,2000,NULL,NULL,NULL,'0002'),('0007','おまかせ野菜＆果物セット',100,3000,NULL,NULL,NULL,'0002'),('0008','レッドチェダー約1kg',100,4500,NULL,NULL,NULL,'0002'),('0009','塩ふき昆布',100,1000,NULL,NULL,NULL,'0002'),('0010','伯方の塩',100,400,NULL,NULL,NULL,'0002'),('0011','純米ひやおろし',100,1400,NULL,NULL,NULL,'0002'),('0012','秋あがり',100,1300,NULL,NULL,NULL,'0002'),('0013','こんにちは料理酒',100,1300,NULL,NULL,NULL,'0002'),('0014','発泡にごり酒',100,1700,NULL,NULL,NULL,'0002'),('0015','南部美人',100,3000,NULL,NULL,NULL,'0002'),('0016','タントカスタム',100,1600000,NULL,NULL,NULL,'0004'),('0017','ヴェルファイア',100,3300000,NULL,NULL,NULL,'0004'),('0018','FJクルーザー',100,4000000,NULL,NULL,NULL,'0004'),('0019','ムーヴパイオニア製',100,1200000,NULL,NULL,NULL,'0004'),('0020','キャストスポーツ',100,1700000,NULL,NULL,NULL,'0004'),('0021','ナインタイル',100,4000,NULL,NULL,NULL,NULL),('0022','ブロックス',100,2000,NULL,NULL,NULL,NULL),('0023','カタン　スタンダード',100,3000,NULL,NULL,NULL,NULL),('0024','ダンジョンオブマンダム',100,2500,NULL,NULL,NULL,NULL),('0025','ワイナリーの四季',100,6500,NULL,NULL,NULL,NULL),('0026','アネロン',100,2500,NULL,NULL,NULL,NULL),('0027','命の母ホワイト',100,6000,NULL,NULL,NULL,NULL),('0028','イブクイック',100,700,NULL,NULL,NULL,NULL),('0029','バファリンプレミアム',100,1300,NULL,NULL,NULL,NULL),('0030','パブロンゴールドA',100,1400,NULL,NULL,NULL,NULL),('0031','ゲーミングPC',100,135000,NULL,NULL,NULL,NULL),('0032','Dellノートパソコン',100,240000,NULL,NULL,NULL,NULL),('0033','Dellデスクトップパソコン',100,130000,NULL,NULL,NULL,NULL),('0034','AceｒPredator',100,240000,NULL,NULL,NULL,NULL),('0035','ALIENWARE',100,600000,NULL,NULL,NULL,NULL),('0036','ティファール鍋９点セット',100,3000,NULL,NULL,NULL,NULL),('0037','マイヤーグルメセット',100,12000,NULL,NULL,NULL,NULL),('0038','チタンコーティング包丁セット',100,4000,NULL,NULL,NULL,NULL),('0039','おしゃれなスライス石',100,800,NULL,NULL,NULL,NULL),('0040','マーベルカレー皿セット',100,3000,NULL,NULL,NULL,NULL),('0041','日本の給料＆職業図鑑',100,1100,NULL,NULL,NULL,'0009'),('0042','道は開ける　文庫版',100,800,NULL,NULL,NULL,'0009'),('0043','マッチョ社長が教える完全無欠の時間管理術',100,1300,NULL,NULL,NULL,'0009'),('0044','シンプルに結果を出す人の5W1H思考',100,2000,NULL,NULL,NULL,'0009'),('0045','明日クビになっても大丈夫！',100,1600,NULL,NULL,NULL,'0009'),('0046','ラ・ラ・ランド',100,2500,NULL,NULL,NULL,'0010'),('0047','モアナと伝説の海',100,2500,NULL,NULL,NULL,'0010'),('0048','ミニオンズ',100,1000,NULL,NULL,NULL,'0010'),('0049','プロメテウス',100,900,NULL,NULL,NULL,'0010'),('0050','グレートウォール',100,2500,NULL,NULL,NULL,'0010'),('1111','あああ',0,0,NULL,NULL,NULL,'0010'),('1113','aaa',0,0,X'FFD8FFE000104A46494600010100000100010000FFDB00840009060713131215131212161515171517161617181818151617151517161615161517181D2820181A251D151522312125292B2E2E2E171F3338332D37282D2E2B010A0A0A0E0D0E171010152B1D15192B2B2D2D2D2B2B2B2D2D2D2B2D2B2D372D2B2D2D2D2B2B2D2D372B2B2D2D2B2D372D372D2B2B2D2B2B2B2D2B2B2B2B2B2D2BFFC000110800E100E103012200021101031101FFC4001B00000105010100000000000000000000000400010203050607FFC4003D10000103020404030506060104030000000100021103210412314105516171132281063291A1B1144252C1D1F015236272E1F182073392A24353B2FFC400190100030101010000000000000000000000000102030405FFC400221101010101000202010501000000000000000111021221033113041441516181FFDA000C03010002110311003F00F4994A52849763129493248C248B932609201D294C9201424124900E5304E90481A14C312015AC4043C2485344B4272C53A611D4D3644606734DE123C86032D4884678499F491E430284F0A4E694C13D068494DAC5234920AE52CCA7E1A673101025465394C80529D34A74028492949511A13C2413809E9A39536556249692B84C42B61472A34210942784C9822532784B2A024C2AC055329C392A0482AF6BD08D2AD0545870487A94A1B3242AA8C312541CAB155273D0667049AC9515631C9858DA4AC0D500F4F9D2345C02A2A2B5C55151385543828277A84AB4A509D42524C8E0A4A329E5592529E5569C1404C393E65094D9918356E64B3AAB3259918356CA8950053E6460D4C2454414B329BCD3D390A30A529D21A882AC0F502140B5186BF3A62E544A45E8C2D59E227155525C9B327E234507A907A1D854C15162A55E1DC94C39500A7CCA54B8B95751473244A655438A8AB1CA9215C4549326CDD52578472929E544329084F642092991A70AAA7D0212F2879544A892AFF0D3786AA5858A144A27228E44692A6B4952CA42B9A15A14DEF15390D94A89279228909013122C77D0DACB3FCD355F8C2F88978AA588A61A0B8DC004BA3603FD21AA388A66AD319C06E66FF576F457F9392F0E97F88A61EA8A9877013B6C7F24D56939A46A645BE13655BCDFE53EE7DAF9512860F4DE214FC0BC963DD0AB355226540C2B9137A5EDACAC65742E6090295E21CE87F8A9BC641950F114FE23F3680A89CD440B6B291AAA6FC6AF210F7A1DEF291A89E414E73856AA9292B2C92BDFF09AED00AB98C0816B95ECA9D572D6B06C24EA72A14CD958149E07753843540B40854D5A6AF9E8AC032A32A6F54D53360E6B4F5B5F6F4855DFC9399B5338B52353AFFB5557C4E560711F7AF702C74286C6F156D3229B8B331205ED9493133C964F16A9E287B5F4E5B218E8F780D8380D5B3BAE3F93E5F2FA74F1F18FE398814A9BCB8D9C20106209BB0CEC65636378E5602A50AA1D4CFD9DD95E41BBA3507730ABC2F04736A80D739D8723296BFCCDCBA6533C8E8B45D8682DA4E74B58632B8C9691766426FAC08E4B2BFEB5F18AF0DC7F360E9D67BE2A18823F140DB704C841E2AA622957C3E1E8921AECCF8D8E62737C392CDE2CEA187146AD282CA7887D3A94DDF75AE222DAD8FD11781F69271ECC3D9E33D8B879A9B08930797EA90CFE9B98AC4BE90AD54549631EE0E6F22D804808EC271673DAC753682C2CFF00C0E994F52BCDF8862DCCC5D4A2F96B2AD5787DED943839AE076F2D968F06E22EAD4DD4E890C65334836F724B9AE249E605D54B615E77EDE89518D1A8B86CC0FE912552CAD4DE3CBC8389D803FB2B06871C753702733A03DD6D086BB239BDC6BD91914AA550D2E3E26592D063C8E32DCC3A05ACF9FA8CAFC51A0F6C2ADCD09B13C528B4B29B9C3339D945F5EB1C8225B4079858DE2779E4BAF8FD4CBF6E7EFE0B02984C4AB450F827F05754B2B0CAA547C345370EA668A728C0418A61A89F0538624302B42900890CE4AEA7853C94DEA43934065496AFD80A753E7C9F8D079958C2875635CB2B1ACA3A9D4560AA806B9580AC6C58F6D551C457CAD26262F6D7D10A1C85C4621BF7A637E5DD4F57C55CCD46BE21AE208061D11EBA183BA02B620879F103808009B653CC8954F1006BB086466176BAFE198E6E1A15CB3F0D5EA3E3192E682416B1CE6BD8D9D45FCE22FCD72F5D5B5B4E60DE35C2CB6BB310C399F1769199B51BCDB3BC6A87E35C6B18D735F429E76D9AF03A7DD74DC48FC968605CC27CAE2FA6CB87B1C49691F75ED26D6E9BAB9EEA82BB982A537D27B61CD0432AF3691A17036D06C92D8DEC8FB4E48AF45C1E1EC73EAD36BAC4B0CE6A57D48BDBA217DA0C08C5B062A8D62D7369B4D4024CE5D1CE02F205A75B23B8F627353FE506D3C5D28739AF6869A8DFE92E893F55CFE0B11886E240134EA3DA7C27810D738827C3AA3412645C6A9FD989F681AFAA0D4A8D07C3A4C73DC357D223FF0092352DE7CA117C57D9CB3EA53A9FCFF099E19FC4DD5A41DED63D96561BDA3AF52A5560A21B886882D88195A21D4DCD368D7E4BACE0AFA55E8615EDB7D9C0813A5A4B1DEA611A4C4A948D4A384A8E6CB9B26B0D73B4C2DAE17C05B87A52C6DC3C483CC1F7BE2AB1C698DC2E67303981CF766883E1E6718B6F30164FB49ED1B9D5F04EA2EF256349EF00EE089079584A9DB42FA345CDE26F638914CD396DC82E3065D3CDC754F5FC7AAD388A4E0DAA1A1B59CDFBC048CA39445FB2D0E318CA62A9C5541E5634B845C934CB8816D88015980F68195039B4D92EF10BAA362F91CD04DB9DE3E29864E0312F77D9659FCD65378CE7EF4BA0992BA17E3E9B312067065BE407DD86B9D2E3CFFC258D75034603C34786E6B20DEE2411F0F8AE3BDA0C65373705E27F2DC29F88F6E845378F2B5FD447CD128CFEDEA183C634887DB5C9FD435047C55F5A7EEFC37F55CB9E2CC7C511EFBE88C840F7185A32E63B4946F06E261E33670010D398EF32D0397DD9EE569C7CBD7359F5F1CB1AB2E4C1AE44B5FAD859404AF43E3F9E74E4EBE3C56E69559A65105D099CE573E445E16E00006EB6A9B6CB0B0D520AD3A38AE6B1F9375A71E8665E8921FED639A4B25B0E989DD396AE5A93CECE3039153671170D1FF1594FD649F6DBF6B7F874B9E149AF5C8D5C43C9BB8A2F078BBFBE7B734BF772DFA1FB7B1B78BA922248BECB9DE2FC52A36A0A605414F42E0D0F69EED22E3B147629C5C0BA648D86B1D39AE7F8D609E58D7532F60201263CAD3CCFE1EEA3BEBCAAB8E7150E1ED25EFC262DD4C93E76662EA45DBE669BD3950C071C879656C2D504C36A06CB999C5854618B480147075710066A9FCECBC8B1E5CD1C9CDBB84734661FDA8C2307BED6BBFF00ACCB48E621CA560319C6DD41E3C034DB9BCA1CF6786FC9C9FA070B9D5647B5DC39C1A0D4F1018CC2C5CC8370693DBA765A3ED47B64CAA0516D0639B101B519304FE131284C2715F06936990721043A81F331A4E85A756F644818F4B8A5575014EB9F1D823C37974D4645A1AFF7818E6BA4A344B68B5CE7F88043A99A96A8C3AB58E22F1B07751A2C1C4E369171CB41B949D397AA963F88B6AD314C986B6CDBDDBD01D61161B7FDA8AEC754A78AA514F15975DAAB40F75E37A8D320FA2E6BD8EE34FF00B4BD8F13E3171206CF02098F455FB45C5FC5C3D263C7F35911507DE8363DF4BA0F84D67E1DECC4812E6F9C72262E3EA9961F85E26ABE9D5A65E72D463F24E85C5D24475994F84069D721E2ED69A6C1CAA16641FAA9F12E20DA945B518DCA731740D9D9891DADF450E31C43C47B6B30438E4A8EE8FCA263B99296EAB1A75B8E54A942AF842034D263779A8C0D6C76B4A13F8ABB078CAC590F731A1A5CEBEC0BC9E449959F4FC4A349D33724B47F56B3F341E25A4B6A419D5EF76B2397AAA274DED07B461FE09A396258720D5A5865E0F49FAAAF88386231352B3E4D2A74F3319F79F02C3B4CACD6E09B40D2AA6E1FE68E4D8833D56F32BD207C7800BCE5C933958E248CDD6FA74536E7D1C86C662AA52C3D4A99C0AB52A3262D0C149B0D1C9A2C8FF6438C67F0856114E8B040FC4F921A5DD006AC0C160DF5DF880EDBCB3B011007784650C5B58CAD429B766333FE1196E7E652B458F42A1ED0F89892D0DCCD60125A6D26E4D48DF905D1E1F8BD126330049803E90BCDBD9CAECA538707CB21C72DDEE10353B2D06633254735AD9701EF1BE52EF316B27768804F755C5CBE99F5CC7A2B9A0DD56E62CCF67F165D45A4EBA5FA775A0EC485D7CDB639BA9ED1C8511447342FDA159F694ED2F42F284909F6A4921ACA185A62ED2024EE1EC2363F5560C30E6A6DA71A2F136BD1F5FD82FE1ED16BA87D9D8D32365A269F5BA071A4B7717D77F92D7E3DD4F5639FC5D5F3667547B6F600836EDA20B158A2FF00E4369BB10D3707C5F0EA367617063A23B11421C5DE286B4FBD9DC600FE96CD963D4AD4DD57296BAA336AADCF008DFCA6174B36562B80E1DC7CAE7E16A837655CC0CF3CDB8EA8DE2185A4DA45AEC634BC098700F693B105C098F544F19C3B7FEE56C4621A2065A912D68D844495CDBF078693E1B9F8A3CF23B20E84112D5462307C7EA784F63E9D17068391C1995CD2776ED1D96478D37324EE79F5EA518DBB0D9BD048B748374218802F2AA0351E716FA770AD7D19B88E9087A8C7B7CCD9EE3F34770A9AB2221E05C0B077A7E88A342E21E0D3CAF6CC1F2BB76E920F4DD5D58E5C3E537034FE971FBBFBE68C76122CE69836320911D93D5C0E511AB08CAE06F1C883BACED5465B704EF09CC68F2B9CD9E863CA7D42B5B83398363C85ACCDFF001001F98856BE8D4A4D1AED3E876FDEC89A6D7E77B00B96388F505E23E295D54C67B6B3B12FF3086B64F2E9F921EBD705AF637CADCDE63CE2CD016D6378739B58B9A3CA4027FB4E53F994461780B48022E1C49EAE80512E0BF4E6062AAE50D71227DC9D7A4720B4DB802CA023DE2F06FD2E0FCB5463B85C97BAA7BE2A0239C403089F01DE59162D0D1FF3970F9108BECE7A575B1AEFE5D2A63CD59C5CF8D4ED27B049D860DA4F73C4B9EE73F28B00D0034663CAD645FB3BC2C963EA1B38934C3B70D98765F49527E19EE73CB9A7C390D6B74CD16F5014FB1B195C26ABB3165377BD97C5ABD009224FC1750DA94A9BBDFF0011C3EE892D69D65EEDFB2C9C3FB3A6AD48CD969B750DB0EA3A95AD4B0ECA6452A6C81207944EF72E3B94F515D7707AF141B9BDF2335EDAE89AAF1033EEABF855382E6DDB2352E93A6C068149FC3A4DDF328FCD79FA4784AA0E2C0890559F6D6013759FC4387D517A6E951C1E736732E113F55D41F8634BF8833AA487F0CFE14957EF3AFE8FF046A06FAA6F4B262F541ACDDEEB9142891BC2E7B8B53755B36B78507A49F5E4B56AD7DDB65C8E3EB4D426BD668683E50D0338E970B7F8F945058DA618671591ECE65CC0E039802E564632AD1634BF87BF117B9CB51D91BD7223B89F07A1565ED06A93BBDE401D2047C966F01E0D46938D4A8F0F7498653B31BD093AADA40B787F1FC4D76F879ECE10E73A6A3FB86E83E0AE6710A74D8EA4EA95AA1022F14E9CF56B00CDEA4AA2B62F0A6A92EAA0307DCA61ADFF00CDF088F0C3FCD0D6D3FBA2FEE8DD071854A8B5873BBD099F9042543075DE7BAEB6A50A45B620123A15915B83BB5047AA72855C31C49B1BF2899F55D6E0F8631DE62CC8ED9CDB5F995CB70BE1AF0E19E992D9D60FC885DDE0B041A25A4FC498E7328B5355D6C3027CC2F113B1EFFAA06B70B6BA7B411B8E47F395BB9F9CAA6A46B6EFCD4E425785E1AD2D875CC026DA9020C7554E2F838610F027239B31F8091AF4DBD16950AC34E46C7AAD165419A7EEBAC42425AE778870E87006ED20413FD3A0ED07E48CE0B816971DCB4B847528EC5B01F2F5CA3B9D12E0F472C3B9FD46BF45163567F1CC05FDCD5CD3A5CD801F9A2317C325B95A3CC4E46F3B00091DB45A38E1355879E63FFB085B581A00106C79773729C4DAC6C37060C029B07958D009FC4ED4A63C286A4680868EBCFA92574CE0D00DB7F9FE6A80D19934ED64E1781C340D2DA3473D42C41C20B6AE639AD6198CDBB6817A0536DB6FDF35998DC28718227A6C81A0285C7BA00DAC01F96AA35691D44A38D22C6FBB6E634086F167658F51528312372A61E88796A62428B0F55F8892B7CA92587A4FA2399558C0B4AB877253662B5B223D82C7516D369D7D365C56338886025B2013AD4807D3300BBBC7D4390C831AC82BCFF8DBC07B49A59A0E6398662D034B735A704C9E2F5DD59FE19C4BA9C8F766E79CE5D02AF03870186861C3AB1D1F59C4368B798045DD08CA38165626AE2290A40E8D265E6798E686C3F0FAF4DE323C31A4F9586F91BCE362B4D35980F656830E678F100363101C7FA46802E9A970E618F2E5DF2998F41A2A70D45F2DF2971E66FDC995B2D16B6BD349EE9A6D06386536DADFE7B21F11811B4759FD16B7D9F7FDFC550FC283A09FDF348A566D0E1EE996C8EB36F82D5A6C23517DE15D84A31D13D69DA7E28309893BFCD60717E21E1B09365A98CA87F7BAE07DB3AC7CA06937449A62387FB5FE6871B7EEEBB0E1FC6039B7FD85E3CD7076D046E1753C06BB9A03A4E9A731C8AAEB8C839BAF4E7D70E8748DAFB9E451D83AF2206916EFBAE3B0B8C22D683A4ADDE1B25A6351759635C6C53A9244C588BF44751C68CCE03631FEBE6B9CA60C8FC22D3CCEC9CE24B41004B893FF001848AC6871AF695B406673872689F45B1C17181ED6BB59DF6F45E07ED471379C4F9BCD93406E2D7D17A0FF00D25E2CFAC6B308860870E41C6643790D15DE326A2DFE1EB14DB6D955518D3BFC14F0F165754A614C406AB4DB97A2C3AF48027295B78D2D0DF33411DA573B5DCC9F2E9D3F453DAB949CD5136DD0CEAC7625485758E345D9CF44953E2B52461EA3F6ED6EA2389367E8B21EF317B7ACA16B5702755D39186B77158D2E690D765991369F8AE45E6B673E76D9B2047FECF3B0EE512FC740E9F358DC52AB9EE0C14F3CEA1C4E46F581A955208541C5EECEF7F8867DF240A60F2A6DD4C7E25B540345E493CC40F9EEB2B09449BB80B6968D36ECB419888D74F5B760AB05AD367D773F92BA90738DA40F82129559B9B7D7FC23E9BFFD2442695211CFBE89DC7611D1541D2A6D2A4E274E81DCA8D567F52B849DE10CFA60733DD06C9C7323703E6B8DF68B0DE24B4C748E7F92EBF1F55C6DF40B33F8731DA937D85A7AA35731C1E1F82DE26574981C039ADB85A6FC1318ED328E67EA7A23AA580888264C6855F95A7248CCA74493D8AECF836173346D220ECB2E8604139847A2E87095006F2FDEEB3AB4DBC3DA353A68B3313872C2E04EA2DDAD75AB87C589F786AAEAD836BE5D1127F614FB0F2EF697D992F3E268E3711F55DBFF00D35C136851C8C649265CEE674BAB6A619EFF002968001DE66DDCAD1C053F08CFEFD2344EF56C4D91D6D1108A17080C1E25AE68D8FCCA2E4F24E31B0071275A2C0AE7EBD1124F3F8ADAE266751FA8F558F52938750B3F92AF90C70E364CFA477D1585A47DDBA76B964D02E449159D24B03927D49EF1AA14D4D8EBFBD51551B16D8041D4E53D7D39AE99D31F1078A7DADEBC8F40B2712493EF45F9C69A2D8AF713F4FCD0389C10719F8FC3657295F486031B1EF3A4ED79F45A54F1124068BEE4E81603F0D13040E51AC72EEAA662DCCDC91F51D557D93B4A75DA37F545D2C44D9BEBFE4AE270FC4EF075903B1E43F55A785E2C1CFF000DA7CBA970D32F327AF3460762C78E6A41FCBD162E0F161D76C641A7231691CCF545B7133B93FA28C3681AC06B286AF892743655F8B6FD942D62A6AA2D1881CBE290AAD3A01F42832D1FB2A190936FCD10CD8BF7849F9EC88C1D702C6FCA5515C86EA0177D3F550A6FCB726E15CAA82AA627C3060C4AE678DF1E7C80D791E6831F55A7C42B482570F8F3CE4C19B2730574581C45673C8155DF15DC7B2FC65CE8A355DE6D27AEC0F55E42DE255019123EB65D0706E265F543A1C1E4893DB43DD3B2614D7AED70490DD3F347E1FCA20C13D5673C663330A2CAA7733DB5FF002B9FA374B877DB41E88D356DBAC3C01D0CCA2EB626DAC75FC956A2FDA8C53893AFA2181E90A6FAD7B850F1DBD57377D7B6BCC40D5E8A30C3B156666A8168D9D0A253C4BC26754957E19FC63E2927FF0046393A8CBDF53A0DE108EA467436FDC15B0EA60C831D473E77D945F4041DF6F41B2E88CEB10D2D47EE4A1FC013F45B9E091D4EC3BF3507604FA7C5692A2B98AF879D05F5D167D6C25CC37F7BAECBEC045A7E3F241D6C1418227E4B4949C4D5C3106DCB5EBBA67B8B5B946F7204DCEC1DD3A2E9B1182681311172167D4C0EB06FDAF28F2181B078D20799DC8468239346CB6B07C5838E5101BB738EAB9FAF812D3D7E3FB2ABA2C734E97D5DC801A009FA2758EE222728568AD37257134B893C389DE49D01B2B0F117032F7673F87EE831C829BCAA3B11501BC88E7B7C533B1F021BF1DCAE30F13713E624E9A5876013FF00157B4DAC08B6E4FE8A6C5CE75D88ACD02F73B74FF285224EB6D572B531EE035DBE72A34B8C38589D52BCD3FA7586883659588E08E9B42A297197488B8DD174F8CB8DB430A76C3D523809304013D5743ECF7060C707BB50663B2C8A9C48CB7CD7845E171CF205E44D8F31CFE88F23AED598BCC6C8EA14E7B2E57018922C75D96E51C5B8441F4FD54DB138DA6123E96D541B8B74C1648E7CFBA1C57CC2C4023D558DC4E8214DE862EA5881696FA044B2AB7920A7733FAAB03065B6F7D64CA5A04BFC311702533A834EE3E3BA08D468126DCA74F5E4AB970320DB97E695F1195A9F61672F9A4B37ED6FFC4925E87B0A30B3B1BDBFDA9D4C1916104DC47EA8BCC401276EDEBD9444D88337F977DD7448CED0A2935A262E35F4EA93E9004012373DD15500CBBDF96B3D9525A4B6666D13F92002A8DBDF49BC0DFAAA9D8769D8C441E5AFD51E4911613D2FF243D476A083D3BA34466D6C10CD1946589CC7A21AB70E9B8D07C6169B5EE04922C48B299234E5AFA9D12D3C7375785B60CB600BCEE07359F89C036D637E9CBF55D7E229B098E961FE50D8AC20ED023A1D13F218E1F1382A60685A4EDF94ACE7F0F06C365DAE2F040D8B743AA0EA61AD25BCC5D54A1C6E23045A209CBDF655B291208B11B1DE574F570E264DC11170645F6D954DC10FBB13D15791ED8E7C53B011304A1FC2E7F15D18C1C589F4DD2760E206B274EA14E9EB0F0E7A41E7A2D4A0D06D7985A0DC135D78FD7E08AA18568B5AF7E47E2A6D395954DA763247D392D2C2905A2416C5E07344D5E164DC5FE47E5AABE8E1835A01CC3624F3DBD5656AE2186692E813FDC08969EC56B516BEDE6903A6FBCA87F0FA62730873AF237B45B91B2D06604868CB2081A6A0F6ED75975AAFA2C162886990753E6EFA596836B82627EAB3A9E0CCEA64E84E9D8A949077EC77FF00291E46ABAAB6DDF58943D470CC60C7EF543DC4998E40CEBD7928C1700436F7D34B1E6354FEC645EC791A924697DFF444B5AE37023D6E3F550761CC6D3F7A4F97BA05D871A19E9720FF00A5385E9A5E1D5FC43E01258FFC39DCFE47F54E8C1E9D1D5D4AAF86FB9FF12924BB9CD52A1A7A2833DDF5492502A5574F87D508CF787749248E06C56AFF004FA84050F79DFBDC2649234DDA8EC88ABEE7A14E922002FF0077E3F5287A9B2492B819AFFBDE9F9AAE8EC92482A0DFEF9FEEFC941DAFA94924E98CC1FBBF1FCD12EF74FF00624928A6D4A1FF006C7EF64654FBDD9A924B2AB81F8B683BAD2E0BFF006DBD9324974AEBE8AA68EFEEFD1595B56F73F40924A614FA2C4FB87B1FAABF0FA1FEEFD12491167A5EEFEF92435F87FF009092484D5E9249209FFFD9',NULL,NULL,NULL),('1114','aaa',0,0,X'FFD8FFE000104A46494600010100000100010000FFDB00840009060713131215131212161515171517161617181818151617151517161615161517181D2820181A251D151522312125292B2E2E2E171F3338332D37282D2E2B010A0A0A0E0D0E171010152B1D15192B2B2D2D2D2B2B2B2D2D2D2B2D2B2D372D2B2D2D2D2B2B2D2D372B2B2D2D2B2D372D372D2B2B2D2B2B2B2D2B2B2B2B2B2D2BFFC000110800E100E103012200021101031101FFC4001B00000105010100000000000000000000000400010203050607FFC4003D10000103020404030506060104030000000100021103210412314105516171132281063291A1B1144252C1D1F015236272E1F182073392A24353B2FFC400190100030101010000000000000000000000000102030405FFC400221101010101000202010501000000000000000111021221033113041441516181FFDA000C03010002110311003F00F4994A52849763129493248C248B932609201D294C9201424124900E5304E90481A14C312015AC4043C2485344B4272C53A611D4D3644606734DE123C86032D4884678499F491E430284F0A4E694C13D068494DAC5234920AE52CCA7E1A673101025465394C80529D34A74028492949511A13C2413809E9A39536556249692B84C42B61472A34210942784C9822532784B2A024C2AC055329C392A0482AF6BD08D2AD0545870487A94A1B3242AA8C312541CAB155273D0667049AC9515631C9858DA4AC0D500F4F9D2345C02A2A2B5C55151385543828277A84AB4A509D42524C8E0A4A329E5592529E5569C1404C393E65094D9918356E64B3AAB3259918356CA8950053E6460D4C2454414B329BCD3D390A30A529D21A882AC0F502140B5186BF3A62E544A45E8C2D59E227155525C9B327E234507A907A1D854C15162A55E1DC94C39500A7CCA54B8B95751473244A655438A8AB1CA9215C4549326CDD52578472929E544329084F642092991A70AAA7D0212F2879544A892AFF0D3786AA5858A144A27228E44692A6B4952CA42B9A15A14DEF15390D94A89279228909013122C77D0DACB3FCD355F8C2F88978AA588A61A0B8DC004BA3603FD21AA388A66AD319C06E66FF576F457F9392F0E97F88A61EA8A9877013B6C7F24D56939A46A645BE13655BCDFE53EE7DAF9512860F4DE214FC0BC963DD0AB355226540C2B9137A5EDACAC65742E6090295E21CE87F8A9BC641950F114FE23F3680A89CD440B6B291AAA6FC6AF210F7A1DEF291A89E414E73856AA9292B2C92BDFF09AED00AB98C0816B95ECA9D572D6B06C24EA72A14CD958149E07753843540B40854D5A6AF9E8AC032A32A6F54D53360E6B4F5B5F6F4855DFC9399B5338B52353AFFB5557C4E560711F7AF702C74286C6F156D3229B8B331205ED9493133C964F16A9E287B5F4E5B218E8F780D8380D5B3BAE3F93E5F2FA74F1F18FE398814A9BCB8D9C20106209BB0CEC65636378E5602A50AA1D4CFD9DD95E41BBA3507730ABC2F04736A80D739D8723296BFCCDCBA6533C8E8B45D8682DA4E74B58632B8C9691766426FAC08E4B2BFEB5F18AF0DC7F360E9D67BE2A18823F140DB704C841E2AA622957C3E1E8921AECCF8D8E62737C392CDE2CEA187146AD282CA7887D3A94DDF75AE222DAD8FD11781F69271ECC3D9E33D8B879A9B08930797EA90CFE9B98AC4BE90AD54549631EE0E6F22D804808EC271673DAC753682C2CFF00C0E994F52BCDF8862DCCC5D4A2F96B2AD5787DED943839AE076F2D968F06E22EAD4DD4E890C65334836F724B9AE249E605D54B615E77EDE89518D1A8B86CC0FE912552CAD4DE3CBC8389D803FB2B06871C753702733A03DD6D086BB239BDC6BD91914AA550D2E3E26592D063C8E32DCC3A05ACF9FA8CAFC51A0F6C2ADCD09B13C528B4B29B9C3339D945F5EB1C8225B4079858DE2779E4BAF8FD4CBF6E7EFE0B02984C4AB450F827F05754B2B0CAA547C345370EA668A728C0418A61A89F0538624302B42900890CE4AEA7853C94DEA43934065496AFD80A753E7C9F8D079958C2875635CB2B1ACA3A9D4560AA806B9580AC6C58F6D551C457CAD26262F6D7D10A1C85C4621BF7A637E5DD4F57C55CCD46BE21AE208061D11EBA183BA02B620879F103808009B653CC8954F1006BB086466176BAFE198E6E1A15CB3F0D5EA3E3192E682416B1CE6BD8D9D45FCE22FCD72F5D5B5B4E60DE35C2CB6BB310C399F1769199B51BCDB3BC6A87E35C6B18D735F429E76D9AF03A7DD74DC48FC968605CC27CAE2FA6CB87B1C49691F75ED26D6E9BAB9EEA82BB982A537D27B61CD0432AF3691A17036D06C92D8DEC8FB4E48AF45C1E1EC73EAD36BAC4B0CE6A57D48BDBA217DA0C08C5B062A8D62D7369B4D4024CE5D1CE02F205A75B23B8F627353FE506D3C5D28739AF6869A8DFE92E893F55CFE0B11886E240134EA3DA7C27810D738827C3AA3412645C6A9FD989F681AFAA0D4A8D07C3A4C73DC357D223FF0092352DE7CA117C57D9CB3EA53A9FCFF099E19FC4DD5A41DED63D96561BDA3AF52A5560A21B886882D88195A21D4DCD368D7E4BACE0AFA55E8615EDB7D9C0813A5A4B1DEA611A4C4A948D4A384A8E6CB9B26B0D73B4C2DAE17C05B87A52C6DC3C483CC1F7BE2AB1C698DC2E67303981CF766883E1E6718B6F30164FB49ED1B9D5F04EA2EF256349EF00EE089079584A9DB42FA345CDE26F638914CD396DC82E3065D3CDC754F5FC7AAD388A4E0DAA1A1B59CDFBC048CA39445FB2D0E318CA62A9C5541E5634B845C934CB8816D88015980F68195039B4D92EF10BAA362F91CD04DB9DE3E29864E0312F77D9659FCD65378CE7EF4BA0992BA17E3E9B312067065BE407DD86B9D2E3CFFC258D75034603C34786E6B20DEE2411F0F8AE3BDA0C65373705E27F2DC29F88F6E845378F2B5FD447CD128CFEDEA183C634887DB5C9FD435047C55F5A7EEFC37F55CB9E2CC7C511EFBE88C840F7185A32E63B4946F06E261E33670010D398EF32D0397DD9EE569C7CBD7359F5F1CB1AB2E4C1AE44B5FAD859404AF43E3F9E74E4EBE3C56E69559A65105D099CE573E445E16E00006EB6A9B6CB0B0D520AD3A38AE6B1F9375A71E8665E8921FED639A4B25B0E989DD396AE5A93CECE3039153671170D1FF1594FD649F6DBF6B7F874B9E149AF5C8D5C43C9BB8A2F078BBFBE7B734BF772DFA1FB7B1B78BA922248BECB9DE2FC52A36A0A605414F42E0D0F69EED22E3B147629C5C0BA648D86B1D39AE7F8D609E58D7532F60201263CAD3CCFE1EEA3BEBCAAB8E7150E1ED25EFC262DD4C93E76662EA45DBE669BD3950C071C879656C2D504C36A06CB999C5854618B480147075710066A9FCECBC8B1E5CD1C9CDBB84734661FDA8C2307BED6BBFF00ACCB48E621CA560319C6DD41E3C034DB9BCA1CF6786FC9C9FA070B9D5647B5DC39C1A0D4F1018CC2C5CC8370693DBA765A3ED47B64CAA0516D0639B101B519304FE131284C2715F06936990721043A81F331A4E85A756F644818F4B8A5575014EB9F1D823C37974D4645A1AFF7818E6BA4A344B68B5CE7F88043A99A96A8C3AB58E22F1B07751A2C1C4E369171CB41B949D397AA963F88B6AD314C986B6CDBDDBD01D61161B7FDA8AEC754A78AA514F15975DAAB40F75E37A8D320FA2E6BD8EE34FF00B4BD8F13E3171206CF02098F455FB45C5FC5C3D263C7F35911507DE8363DF4BA0F84D67E1DECC4812E6F9C72262E3EA9961F85E26ABE9D5A65E72D463F24E85C5D24475994F84069D721E2ED69A6C1CAA16641FAA9F12E20DA945B518DCA731740D9D9891DADF450E31C43C47B6B30438E4A8EE8FCA263B99296EAB1A75B8E54A942AF842034D263779A8C0D6C76B4A13F8ABB078CAC590F731A1A5CEBEC0BC9E449959F4FC4A349D33724B47F56B3F341E25A4B6A419D5EF76B2397AAA274DED07B461FE09A396258720D5A5865E0F49FAAAF88386231352B3E4D2A74F3319F79F02C3B4CACD6E09B40D2AA6E1FE68E4D8833D56F32BD207C7800BCE5C933958E248CDD6FA74536E7D1C86C662AA52C3D4A99C0AB52A3262D0C149B0D1C9A2C8FF6438C67F0856114E8B040FC4F921A5DD006AC0C160DF5DF880EDBCB3B011007784650C5B58CAD429B766333FE1196E7E652B458F42A1ED0F89892D0DCCD60125A6D26E4D48DF905D1E1F8BD126330049803E90BCDBD9CAECA538707CB21C72DDEE10353B2D06633254735AD9701EF1BE52EF316B27768804F755C5CBE99F5CC7A2B9A0DD56E62CCF67F165D45A4EBA5FA775A0EC485D7CDB639BA9ED1C8511447342FDA159F694ED2F42F284909F6A4921ACA185A62ED2024EE1EC2363F5560C30E6A6DA71A2F136BD1F5FD82FE1ED16BA87D9D8D32365A269F5BA071A4B7717D77F92D7E3DD4F5639FC5D5F3667547B6F600836EDA20B158A2FF00E4369BB10D3707C5F0EA367617063A23B11421C5DE286B4FBD9DC600FE96CD963D4AD4DD57296BAA336AADCF008DFCA6174B36562B80E1DC7CAE7E16A837655CC0CF3CDB8EA8DE2185A4DA45AEC634BC098700F693B105C098F544F19C3B7FEE56C4621A2065A912D68D844495CDBF078693E1B9F8A3CF23B20E84112D5462307C7EA784F63E9D17068391C1995CD2776ED1D96478D37324EE79F5EA518DBB0D9BD048B748374218802F2AA0351E716FA770AD7D19B88E9087A8C7B7CCD9EE3F34770A9AB2221E05C0B077A7E88A342E21E0D3CAF6CC1F2BB76E920F4DD5D58E5C3E537034FE971FBBFBE68C76122CE69836320911D93D5C0E511AB08CAE06F1C883BACED5465B704EF09CC68F2B9CD9E863CA7D42B5B83398363C85ACCDFF001001F98856BE8D4A4D1AED3E876FDEC89A6D7E77B00B96388F505E23E295D54C67B6B3B12FF3086B64F2E9F921EBD705AF637CADCDE63CE2CD016D6378739B58B9A3CA4027FB4E53F994461780B48022E1C49EAE80512E0BF4E6062AAE50D71227DC9D7A4720B4DB802CA023DE2F06FD2E0FCB5463B85C97BAA7BE2A0239C403089F01DE59162D0D1FF3970F9108BECE7A575B1AEFE5D2A63CD59C5CF8D4ED27B049D860DA4F73C4B9EE73F28B00D0034663CAD645FB3BC2C963EA1B38934C3B70D98765F49527E19EE73CB9A7C390D6B74CD16F5014FB1B195C26ABB3165377BD97C5ABD009224FC1750DA94A9BBDFF0011C3EE892D69D65EEDFB2C9C3FB3A6AD48CD969B750DB0EA3A95AD4B0ECA6452A6C81207944EF72E3B94F515D7707AF141B9BDF2335EDAE89AAF1033EEABF855382E6DDB2352E93A6C068149FC3A4DDF328FCD79FA4784AA0E2C0890559F6D6013759FC4387D517A6E951C1E736732E113F55D41F8634BF8833AA487F0CFE14957EF3AFE8FF046A06FAA6F4B262F541ACDDEEB9142891BC2E7B8B53755B36B78507A49F5E4B56AD7DDB65C8E3EB4D426BD668683E50D0338E970B7F8F945058DA618671591ECE65CC0E039802E564632AD1634BF87BF117B9CB51D91BD7223B89F07A1565ED06A93BBDE401D2047C966F01E0D46938D4A8F0F7498653B31BD093AADA40B787F1FC4D76F879ECE10E73A6A3FB86E83E0AE6710A74D8EA4EA95AA1022F14E9CF56B00CDEA4AA2B62F0A6A92EAA0307DCA61ADFF00CDF088F0C3FCD0D6D3FBA2FEE8DD071854A8B5873BBD099F9042543075DE7BAEB6A50A45B620123A15915B83BB5047AA72855C31C49B1BF2899F55D6E0F8631DE62CC8ED9CDB5F995CB70BE1AF0E19E992D9D60FC885DDE0B041A25A4FC498E7328B5355D6C3027CC2F113B1EFFAA06B70B6BA7B411B8E47F395BB9F9CAA6A46B6EFCD4E425785E1AD2D875CC026DA9020C7554E2F838610F027239B31F8091AF4DBD16950AC34E46C7AAD165419A7EEBAC42425AE778870E87006ED20413FD3A0ED07E48CE0B816971DCB4B847528EC5B01F2F5CA3B9D12E0F472C3B9FD46BF45163567F1CC05FDCD5CD3A5CD801F9A2317C325B95A3CC4E46F3B00091DB45A38E1355879E63FFB085B581A00106C79773729C4DAC6C37060C029B07958D009FC4ED4A63C286A4680868EBCFA92574CE0D00DB7F9FE6A80D19934ED64E1781C340D2DA3473D42C41C20B6AE639AD6198CDBB6817A0536DB6FDF35998DC28718227A6C81A0285C7BA00DAC01F96AA35691D44A38D22C6FBB6E634086F167658F51528312372A61E88796A62428B0F55F8892B7CA92587A4FA2399558C0B4AB877253662B5B223D82C7516D369D7D365C56338886025B2013AD4807D3300BBBC7D4390C831AC82BCFF8DBC07B49A59A0E6398662D034B735A704C9E2F5DD59FE19C4BA9C8F766E79CE5D02AF03870186861C3AB1D1F59C4368B798045DD08CA38165626AE2290A40E8D265E6798E686C3F0FAF4DE323C31A4F9586F91BCE362B4D35980F656830E678F100363101C7FA46802E9A970E618F2E5DF2998F41A2A70D45F2DF2971E66FDC995B2D16B6BD349EE9A6D06386536DADFE7B21F11811B4759FD16B7D9F7FDFC550FC283A09FDF348A566D0E1EE996C8EB36F82D5A6C23517DE15D84A31D13D69DA7E28309893BFCD60717E21E1B09365A98CA87F7BAE07DB3AC7CA06937449A62387FB5FE6871B7EEEBB0E1FC6039B7FD85E3CD7076D046E1753C06BB9A03A4E9A731C8AAEB8C839BAF4E7D70E8748DAFB9E451D83AF2206916EFBAE3B0B8C22D683A4ADDE1B25A6351759635C6C53A9244C588BF44751C68CCE03631FEBE6B9CA60C8FC22D3CCEC9CE24B41004B893FF001848AC6871AF695B406673872689F45B1C17181ED6BB59DF6F45E07ED471379C4F9BCD93406E2D7D17A0FF00D25E2CFAC6B308860870E41C6643790D15DE326A2DFE1EB14DB6D955518D3BFC14F0F165754A614C406AB4DB97A2C3AF48027295B78D2D0DF33411DA573B5DCC9F2E9D3F453DAB949CD5136DD0CEAC7625485758E345D9CF44953E2B52461EA3F6ED6EA2389367E8B21EF317B7ACA16B5702755D39186B77158D2E690D765991369F8AE45E6B673E76D9B2047FECF3B0EE512FC740E9F358DC52AB9EE0C14F3CEA1C4E46F581A955208541C5EECEF7F8867DF240A60F2A6DD4C7E25B540345E493CC40F9EEB2B09449BB80B6968D36ECB419888D74F5B760AB05AD367D773F92BA90738DA40F82129559B9B7D7FC23E9BFFD2442695211CFBE89DC7611D1541D2A6D2A4E274E81DCA8D567F52B849DE10CFA60733DD06C9C7323703E6B8DF68B0DE24B4C748E7F92EBF1F55C6DF40B33F8731DA937D85A7AA35731C1E1F82DE26574981C039ADB85A6FC1318ED328E67EA7A23AA580888264C6855F95A7248CCA74493D8AECF836173346D220ECB2E8604139847A2E87095006F2FDEEB3AB4DBC3DA353A68B3313872C2E04EA2DDAD75AB87C589F786AAEAD836BE5D1127F614FB0F2EF697D992F3E268E3711F55DBFF00D35C136851C8C649265CEE674BAB6A619EFF002968001DE66DDCAD1C053F08CFEFD2344EF56C4D91D6D1108A17080C1E25AE68D8FCCA2E4F24E31B0071275A2C0AE7EBD1124F3F8ADAE266751FA8F558F52938750B3F92AF90C70E364CFA477D1585A47DDBA76B964D02E449159D24B03927D49EF1AA14D4D8EBFBD51551B16D8041D4E53D7D39AE99D31F1078A7DADEBC8F40B2712493EF45F9C69A2D8AF713F4FCD0389C10719F8FC3657295F486031B1EF3A4ED79F45A54F1124068BEE4E81603F0D13040E51AC72EEAA662DCCDC91F51D557D93B4A75DA37F545D2C44D9BEBFE4AE270FC4EF075903B1E43F55A785E2C1CFF000DA7CBA970D32F327AF3460762C78E6A41FCBD162E0F161D76C641A7231691CCF545B7133B93FA28C3681AC06B286AF892743655F8B6FD942D62A6AA2D1881CBE290AAD3A01F42832D1FB2A190936FCD10CD8BF7849F9EC88C1D702C6FCA5515C86EA0177D3F550A6FCB726E15CAA82AA627C3060C4AE678DF1E7C80D791E6831F55A7C42B482570F8F3CE4C19B2730574581C45673C8155DF15DC7B2FC65CE8A355DE6D27AEC0F55E42DE255019123EB65D0706E265F543A1C1E4893DB43DD3B2614D7AED70490DD3F347E1FCA20C13D5673C663330A2CAA7733DB5FF002B9FA374B877DB41E88D356DBAC3C01D0CCA2EB626DAC75FC956A2FDA8C53893AFA2181E90A6FAD7B850F1DBD57377D7B6BCC40D5E8A30C3B156666A8168D9D0A253C4BC26754957E19FC63E2927FF0046393A8CBDF53A0DE108EA467436FDC15B0EA60C831D473E77D945F4041DF6F41B2E88CEB10D2D47EE4A1FC013F45B9E091D4EC3BF3507604FA7C5692A2B98AF879D05F5D167D6C25CC37F7BAECBEC045A7E3F241D6C1418227E4B4949C4D5C3106DCB5EBBA67B8B5B946F7204DCEC1DD3A2E9B1182681311172167D4C0EB06FDAF28F2181B078D20799DC8468239346CB6B07C5838E5101BB738EAB9FAF812D3D7E3FB2ABA2C734E97D5DC801A009FA2758EE222728568AD37257134B893C389DE49D01B2B0F117032F7673F87EE831C829BCAA3B11501BC88E7B7C533B1F021BF1DCAE30F13713E624E9A5876013FF00157B4DAC08B6E4FE8A6C5CE75D88ACD02F73B74FF285224EB6D572B531EE035DBE72A34B8C38589D52BCD3FA7586883659588E08E9B42A297197488B8DD174F8CB8DB430A76C3D523809304013D5743ECF7060C707BB50663B2C8A9C48CB7CD7845E171CF205E44D8F31CFE88F23AED598BCC6C8EA14E7B2E57018922C75D96E51C5B8441F4FD54DB138DA6123E96D541B8B74C1648E7CFBA1C57CC2C4023D558DC4E8214DE862EA5881696FA044B2AB7920A7733FAAB03065B6F7D64CA5A04BFC311702533A834EE3E3BA08D468126DCA74F5E4AB970320DB97E695F1195A9F61672F9A4B37ED6FFC4925E87B0A30B3B1BDBFDA9D4C1916104DC47EA8BCC401276EDEBD9444D88337F977DD7448CED0A2935A262E35F4EA93E9004012373DD15500CBBDF96B3D9525A4B6666D13F92002A8DBDF49BC0DFAAA9D8769D8C441E5AFD51E4911613D2FF243D476A083D3BA34466D6C10CD1946589CC7A21AB70E9B8D07C6169B5EE04922C48B299234E5AFA9D12D3C7375785B60CB600BCEE07359F89C036D637E9CBF55D7E229B098E961FE50D8AC20ED023A1D13F218E1F1382A60685A4EDF94ACE7F0F06C365DAE2F040D8B743AA0EA61AD25BCC5D54A1C6E23045A209CBDF655B291208B11B1DE574F570E264DC11170645F6D954DC10FBB13D15791ED8E7C53B011304A1FC2E7F15D18C1C589F4DD2760E206B274EA14E9EB0F0E7A41E7A2D4A0D06D7985A0DC135D78FD7E08AA18568B5AF7E47E2A6D395954DA763247D392D2C2905A2416C5E07344D5E164DC5FE47E5AABE8E1835A01CC3624F3DBD5656AE2186692E813FDC08969EC56B516BEDE6903A6FBCA87F0FA62730873AF237B45B91B2D06604868CB2081A6A0F6ED75975AAFA2C162886990753E6EFA596836B82627EAB3A9E0CCEA64E84E9D8A949077EC77FF00291E46ABAAB6DDF58943D470CC60C7EF543DC4998E40CEBD7928C1700436F7D34B1E6354FEC645EC791A924697DFF444B5AE37023D6E3F550761CC6D3F7A4F97BA05D871A19E9720FF00A5385E9A5E1D5FC43E01258FFC39DCFE47F54E8C1E9D1D5D4AAF86FB9FF12924BB9CD52A1A7A2833DDF5492502A5574F87D508CF787749248E06C56AFF004FA84050F79DFBDC2649234DDA8EC88ABEE7A14E922002FF0077E3F5287A9B2492B819AFFBDE9F9AAE8EC92482A0DFEF9FEEFC941DAFA94924E98CC1FBBF1FCD12EF74FF00624928A6D4A1FF006C7EF64654FBDD9A924B2AB81F8B683BAD2E0BFF006DBD9324974AEBE8AA68EFEEFD1595B56F73F40924A614FA2C4FB87B1FAABF0FA1FEEFD12491167A5EEFEF92435F87FF009092484D5E9249209FFFD9',NULL,NULL,NULL),('1116','aaa',0,0,X'FFD8FFE000104A46494600010100000100010000FFDB00840009060713131215131212161515171517161617181818151617151517161615161517181D2820181A251D151522312125292B2E2E2E171F3338332D37282D2E2B010A0A0A0E0D0E171010152B1D15192B2B2D2D2D2B2B2B2D2D2D2B2D2B2D372D2B2D2D2D2B2B2D2D372B2B2D2D2B2D372D372D2B2B2D2B2B2B2D2B2B2B2B2B2D2BFFC000110800E100E103012200021101031101FFC4001B00000105010100000000000000000000000400010203050607FFC4003D10000103020404030506060104030000000100021103210412314105516171132281063291A1B1144252C1D1F015236272E1F182073392A24353B2FFC400190100030101010000000000000000000000000102030405FFC400221101010101000202010501000000000000000111021221033113041441516181FFDA000C03010002110311003F00F4994A52849763129493248C248B932609201D294C9201424124900E5304E90481A14C312015AC4043C2485344B4272C53A611D4D3644606734DE123C86032D4884678499F491E430284F0A4E694C13D068494DAC5234920AE52CCA7E1A673101025465394C80529D34A74028492949511A13C2413809E9A39536556249692B84C42B61472A34210942784C9822532784B2A024C2AC055329C392A0482AF6BD08D2AD0545870487A94A1B3242AA8C312541CAB155273D0667049AC9515631C9858DA4AC0D500F4F9D2345C02A2A2B5C55151385543828277A84AB4A509D42524C8E0A4A329E5592529E5569C1404C393E65094D9918356E64B3AAB3259918356CA8950053E6460D4C2454414B329BCD3D390A30A529D21A882AC0F502140B5186BF3A62E544A45E8C2D59E227155525C9B327E234507A907A1D854C15162A55E1DC94C39500A7CCA54B8B95751473244A655438A8AB1CA9215C4549326CDD52578472929E544329084F642092991A70AAA7D0212F2879544A892AFF0D3786AA5858A144A27228E44692A6B4952CA42B9A15A14DEF15390D94A89279228909013122C77D0DACB3FCD355F8C2F88978AA588A61A0B8DC004BA3603FD21AA388A66AD319C06E66FF576F457F9392F0E97F88A61EA8A9877013B6C7F24D56939A46A645BE13655BCDFE53EE7DAF9512860F4DE214FC0BC963DD0AB355226540C2B9137A5EDACAC65742E6090295E21CE87F8A9BC641950F114FE23F3680A89CD440B6B291AAA6FC6AF210F7A1DEF291A89E414E73856AA9292B2C92BDFF09AED00AB98C0816B95ECA9D572D6B06C24EA72A14CD958149E07753843540B40854D5A6AF9E8AC032A32A6F54D53360E6B4F5B5F6F4855DFC9399B5338B52353AFFB5557C4E560711F7AF702C74286C6F156D3229B8B331205ED9493133C964F16A9E287B5F4E5B218E8F780D8380D5B3BAE3F93E5F2FA74F1F18FE398814A9BCB8D9C20106209BB0CEC65636378E5602A50AA1D4CFD9DD95E41BBA3507730ABC2F04736A80D739D8723296BFCCDCBA6533C8E8B45D8682DA4E74B58632B8C9691766426FAC08E4B2BFEB5F18AF0DC7F360E9D67BE2A18823F140DB704C841E2AA622957C3E1E8921AECCF8D8E62737C392CDE2CEA187146AD282CA7887D3A94DDF75AE222DAD8FD11781F69271ECC3D9E33D8B879A9B08930797EA90CFE9B98AC4BE90AD54549631EE0E6F22D804808EC271673DAC753682C2CFF00C0E994F52BCDF8862DCCC5D4A2F96B2AD5787DED943839AE076F2D968F06E22EAD4DD4E890C65334836F724B9AE249E605D54B615E77EDE89518D1A8B86CC0FE912552CAD4DE3CBC8389D803FB2B06871C753702733A03DD6D086BB239BDC6BD91914AA550D2E3E26592D063C8E32DCC3A05ACF9FA8CAFC51A0F6C2ADCD09B13C528B4B29B9C3339D945F5EB1C8225B4079858DE2779E4BAF8FD4CBF6E7EFE0B02984C4AB450F827F05754B2B0CAA547C345370EA668A728C0418A61A89F0538624302B42900890CE4AEA7853C94DEA43934065496AFD80A753E7C9F8D079958C2875635CB2B1ACA3A9D4560AA806B9580AC6C58F6D551C457CAD26262F6D7D10A1C85C4621BF7A637E5DD4F57C55CCD46BE21AE208061D11EBA183BA02B620879F103808009B653CC8954F1006BB086466176BAFE198E6E1A15CB3F0D5EA3E3192E682416B1CE6BD8D9D45FCE22FCD72F5D5B5B4E60DE35C2CB6BB310C399F1769199B51BCDB3BC6A87E35C6B18D735F429E76D9AF03A7DD74DC48FC968605CC27CAE2FA6CB87B1C49691F75ED26D6E9BAB9EEA82BB982A537D27B61CD0432AF3691A17036D06C92D8DEC8FB4E48AF45C1E1EC73EAD36BAC4B0CE6A57D48BDBA217DA0C08C5B062A8D62D7369B4D4024CE5D1CE02F205A75B23B8F627353FE506D3C5D28739AF6869A8DFE92E893F55CFE0B11886E240134EA3DA7C27810D738827C3AA3412645C6A9FD989F681AFAA0D4A8D07C3A4C73DC357D223FF0092352DE7CA117C57D9CB3EA53A9FCFF099E19FC4DD5A41DED63D96561BDA3AF52A5560A21B886882D88195A21D4DCD368D7E4BACE0AFA55E8615EDB7D9C0813A5A4B1DEA611A4C4A948D4A384A8E6CB9B26B0D73B4C2DAE17C05B87A52C6DC3C483CC1F7BE2AB1C698DC2E67303981CF766883E1E6718B6F30164FB49ED1B9D5F04EA2EF256349EF00EE089079584A9DB42FA345CDE26F638914CD396DC82E3065D3CDC754F5FC7AAD388A4E0DAA1A1B59CDFBC048CA39445FB2D0E318CA62A9C5541E5634B845C934CB8816D88015980F68195039B4D92EF10BAA362F91CD04DB9DE3E29864E0312F77D9659FCD65378CE7EF4BA0992BA17E3E9B312067065BE407DD86B9D2E3CFFC258D75034603C34786E6B20DEE2411F0F8AE3BDA0C65373705E27F2DC29F88F6E845378F2B5FD447CD128CFEDEA183C634887DB5C9FD435047C55F5A7EEFC37F55CB9E2CC7C511EFBE88C840F7185A32E63B4946F06E261E33670010D398EF32D0397DD9EE569C7CBD7359F5F1CB1AB2E4C1AE44B5FAD859404AF43E3F9E74E4EBE3C56E69559A65105D099CE573E445E16E00006EB6A9B6CB0B0D520AD3A38AE6B1F9375A71E8665E8921FED639A4B25B0E989DD396AE5A93CECE3039153671170D1FF1594FD649F6DBF6B7F874B9E149AF5C8D5C43C9BB8A2F078BBFBE7B734BF772DFA1FB7B1B78BA922248BECB9DE2FC52A36A0A605414F42E0D0F69EED22E3B147629C5C0BA648D86B1D39AE7F8D609E58D7532F60201263CAD3CCFE1EEA3BEBCAAB8E7150E1ED25EFC262DD4C93E76662EA45DBE669BD3950C071C879656C2D504C36A06CB999C5854618B480147075710066A9FCECBC8B1E5CD1C9CDBB84734661FDA8C2307BED6BBFF00ACCB48E621CA560319C6DD41E3C034DB9BCA1CF6786FC9C9FA070B9D5647B5DC39C1A0D4F1018CC2C5CC8370693DBA765A3ED47B64CAA0516D0639B101B519304FE131284C2715F06936990721043A81F331A4E85A756F644818F4B8A5575014EB9F1D823C37974D4645A1AFF7818E6BA4A344B68B5CE7F88043A99A96A8C3AB58E22F1B07751A2C1C4E369171CB41B949D397AA963F88B6AD314C986B6CDBDDBD01D61161B7FDA8AEC754A78AA514F15975DAAB40F75E37A8D320FA2E6BD8EE34FF00B4BD8F13E3171206CF02098F455FB45C5FC5C3D263C7F35911507DE8363DF4BA0F84D67E1DECC4812E6F9C72262E3EA9961F85E26ABE9D5A65E72D463F24E85C5D24475994F84069D721E2ED69A6C1CAA16641FAA9F12E20DA945B518DCA731740D9D9891DADF450E31C43C47B6B30438E4A8EE8FCA263B99296EAB1A75B8E54A942AF842034D263779A8C0D6C76B4A13F8ABB078CAC590F731A1A5CEBEC0BC9E449959F4FC4A349D33724B47F56B3F341E25A4B6A419D5EF76B2397AAA274DED07B461FE09A396258720D5A5865E0F49FAAAF88386231352B3E4D2A74F3319F79F02C3B4CACD6E09B40D2AA6E1FE68E4D8833D56F32BD207C7800BCE5C933958E248CDD6FA74536E7D1C86C662AA52C3D4A99C0AB52A3262D0C149B0D1C9A2C8FF6438C67F0856114E8B040FC4F921A5DD006AC0C160DF5DF880EDBCB3B011007784650C5B58CAD429B766333FE1196E7E652B458F42A1ED0F89892D0DCCD60125A6D26E4D48DF905D1E1F8BD126330049803E90BCDBD9CAECA538707CB21C72DDEE10353B2D06633254735AD9701EF1BE52EF316B27768804F755C5CBE99F5CC7A2B9A0DD56E62CCF67F165D45A4EBA5FA775A0EC485D7CDB639BA9ED1C8511447342FDA159F694ED2F42F284909F6A4921ACA185A62ED2024EE1EC2363F5560C30E6A6DA71A2F136BD1F5FD82FE1ED16BA87D9D8D32365A269F5BA071A4B7717D77F92D7E3DD4F5639FC5D5F3667547B6F600836EDA20B158A2FF00E4369BB10D3707C5F0EA367617063A23B11421C5DE286B4FBD9DC600FE96CD963D4AD4DD57296BAA336AADCF008DFCA6174B36562B80E1DC7CAE7E16A837655CC0CF3CDB8EA8DE2185A4DA45AEC634BC098700F693B105C098F544F19C3B7FEE56C4621A2065A912D68D844495CDBF078693E1B9F8A3CF23B20E84112D5462307C7EA784F63E9D17068391C1995CD2776ED1D96478D37324EE79F5EA518DBB0D9BD048B748374218802F2AA0351E716FA770AD7D19B88E9087A8C7B7CCD9EE3F34770A9AB2221E05C0B077A7E88A342E21E0D3CAF6CC1F2BB76E920F4DD5D58E5C3E537034FE971FBBFBE68C76122CE69836320911D93D5C0E511AB08CAE06F1C883BACED5465B704EF09CC68F2B9CD9E863CA7D42B5B83398363C85ACCDFF001001F98856BE8D4A4D1AED3E876FDEC89A6D7E77B00B96388F505E23E295D54C67B6B3B12FF3086B64F2E9F921EBD705AF637CADCDE63CE2CD016D6378739B58B9A3CA4027FB4E53F994461780B48022E1C49EAE80512E0BF4E6062AAE50D71227DC9D7A4720B4DB802CA023DE2F06FD2E0FCB5463B85C97BAA7BE2A0239C403089F01DE59162D0D1FF3970F9108BECE7A575B1AEFE5D2A63CD59C5CF8D4ED27B049D860DA4F73C4B9EE73F28B00D0034663CAD645FB3BC2C963EA1B38934C3B70D98765F49527E19EE73CB9A7C390D6B74CD16F5014FB1B195C26ABB3165377BD97C5ABD009224FC1750DA94A9BBDFF0011C3EE892D69D65EEDFB2C9C3FB3A6AD48CD969B750DB0EA3A95AD4B0ECA6452A6C81207944EF72E3B94F515D7707AF141B9BDF2335EDAE89AAF1033EEABF855382E6DDB2352E93A6C068149FC3A4DDF328FCD79FA4784AA0E2C0890559F6D6013759FC4387D517A6E951C1E736732E113F55D41F8634BF8833AA487F0CFE14957EF3AFE8FF046A06FAA6F4B262F541ACDDEEB9142891BC2E7B8B53755B36B78507A49F5E4B56AD7DDB65C8E3EB4D426BD668683E50D0338E970B7F8F945058DA618671591ECE65CC0E039802E564632AD1634BF87BF117B9CB51D91BD7223B89F07A1565ED06A93BBDE401D2047C966F01E0D46938D4A8F0F7498653B31BD093AADA40B787F1FC4D76F879ECE10E73A6A3FB86E83E0AE6710A74D8EA4EA95AA1022F14E9CF56B00CDEA4AA2B62F0A6A92EAA0307DCA61ADFF00CDF088F0C3FCD0D6D3FBA2FEE8DD071854A8B5873BBD099F9042543075DE7BAEB6A50A45B620123A15915B83BB5047AA72855C31C49B1BF2899F55D6E0F8631DE62CC8ED9CDB5F995CB70BE1AF0E19E992D9D60FC885DDE0B041A25A4FC498E7328B5355D6C3027CC2F113B1EFFAA06B70B6BA7B411B8E47F395BB9F9CAA6A46B6EFCD4E425785E1AD2D875CC026DA9020C7554E2F838610F027239B31F8091AF4DBD16950AC34E46C7AAD165419A7EEBAC42425AE778870E87006ED20413FD3A0ED07E48CE0B816971DCB4B847528EC5B01F2F5CA3B9D12E0F472C3B9FD46BF45163567F1CC05FDCD5CD3A5CD801F9A2317C325B95A3CC4E46F3B00091DB45A38E1355879E63FFB085B581A00106C79773729C4DAC6C37060C029B07958D009FC4ED4A63C286A4680868EBCFA92574CE0D00DB7F9FE6A80D19934ED64E1781C340D2DA3473D42C41C20B6AE639AD6198CDBB6817A0536DB6FDF35998DC28718227A6C81A0285C7BA00DAC01F96AA35691D44A38D22C6FBB6E634086F167658F51528312372A61E88796A62428B0F55F8892B7CA92587A4FA2399558C0B4AB877253662B5B223D82C7516D369D7D365C56338886025B2013AD4807D3300BBBC7D4390C831AC82BCFF8DBC07B49A59A0E6398662D034B735A704C9E2F5DD59FE19C4BA9C8F766E79CE5D02AF03870186861C3AB1D1F59C4368B798045DD08CA38165626AE2290A40E8D265E6798E686C3F0FAF4DE323C31A4F9586F91BCE362B4D35980F656830E678F100363101C7FA46802E9A970E618F2E5DF2998F41A2A70D45F2DF2971E66FDC995B2D16B6BD349EE9A6D06386536DADFE7B21F11811B4759FD16B7D9F7FDFC550FC283A09FDF348A566D0E1EE996C8EB36F82D5A6C23517DE15D84A31D13D69DA7E28309893BFCD60717E21E1B09365A98CA87F7BAE07DB3AC7CA06937449A62387FB5FE6871B7EEEBB0E1FC6039B7FD85E3CD7076D046E1753C06BB9A03A4E9A731C8AAEB8C839BAF4E7D70E8748DAFB9E451D83AF2206916EFBAE3B0B8C22D683A4ADDE1B25A6351759635C6C53A9244C588BF44751C68CCE03631FEBE6B9CA60C8FC22D3CCEC9CE24B41004B893FF001848AC6871AF695B406673872689F45B1C17181ED6BB59DF6F45E07ED471379C4F9BCD93406E2D7D17A0FF00D25E2CFAC6B308860870E41C6643790D15DE326A2DFE1EB14DB6D955518D3BFC14F0F165754A614C406AB4DB97A2C3AF48027295B78D2D0DF33411DA573B5DCC9F2E9D3F453DAB949CD5136DD0CEAC7625485758E345D9CF44953E2B52461EA3F6ED6EA2389367E8B21EF317B7ACA16B5702755D39186B77158D2E690D765991369F8AE45E6B673E76D9B2047FECF3B0EE512FC740E9F358DC52AB9EE0C14F3CEA1C4E46F581A955208541C5EECEF7F8867DF240A60F2A6DD4C7E25B540345E493CC40F9EEB2B09449BB80B6968D36ECB419888D74F5B760AB05AD367D773F92BA90738DA40F82129559B9B7D7FC23E9BFFD2442695211CFBE89DC7611D1541D2A6D2A4E274E81DCA8D567F52B849DE10CFA60733DD06C9C7323703E6B8DF68B0DE24B4C748E7F92EBF1F55C6DF40B33F8731DA937D85A7AA35731C1E1F82DE26574981C039ADB85A6FC1318ED328E67EA7A23AA580888264C6855F95A7248CCA74493D8AECF836173346D220ECB2E8604139847A2E87095006F2FDEEB3AB4DBC3DA353A68B3313872C2E04EA2DDAD75AB87C589F786AAEAD836BE5D1127F614FB0F2EF697D992F3E268E3711F55DBFF00D35C136851C8C649265CEE674BAB6A619EFF002968001DE66DDCAD1C053F08CFEFD2344EF56C4D91D6D1108A17080C1E25AE68D8FCCA2E4F24E31B0071275A2C0AE7EBD1124F3F8ADAE266751FA8F558F52938750B3F92AF90C70E364CFA477D1585A47DDBA76B964D02E449159D24B03927D49EF1AA14D4D8EBFBD51551B16D8041D4E53D7D39AE99D31F1078A7DADEBC8F40B2712493EF45F9C69A2D8AF713F4FCD0389C10719F8FC3657295F486031B1EF3A4ED79F45A54F1124068BEE4E81603F0D13040E51AC72EEAA662DCCDC91F51D557D93B4A75DA37F545D2C44D9BEBFE4AE270FC4EF075903B1E43F55A785E2C1CFF000DA7CBA970D32F327AF3460762C78E6A41FCBD162E0F161D76C641A7231691CCF545B7133B93FA28C3681AC06B286AF892743655F8B6FD942D62A6AA2D1881CBE290AAD3A01F42832D1FB2A190936FCD10CD8BF7849F9EC88C1D702C6FCA5515C86EA0177D3F550A6FCB726E15CAA82AA627C3060C4AE678DF1E7C80D791E6831F55A7C42B482570F8F3CE4C19B2730574581C45673C8155DF15DC7B2FC65CE8A355DE6D27AEC0F55E42DE255019123EB65D0706E265F543A1C1E4893DB43DD3B2614D7AED70490DD3F347E1FCA20C13D5673C663330A2CAA7733DB5FF002B9FA374B877DB41E88D356DBAC3C01D0CCA2EB626DAC75FC956A2FDA8C53893AFA2181E90A6FAD7B850F1DBD57377D7B6BCC40D5E8A30C3B156666A8168D9D0A253C4BC26754957E19FC63E2927FF0046393A8CBDF53A0DE108EA467436FDC15B0EA60C831D473E77D945F4041DF6F41B2E88CEB10D2D47EE4A1FC013F45B9E091D4EC3BF3507604FA7C5692A2B98AF879D05F5D167D6C25CC37F7BAECBEC045A7E3F241D6C1418227E4B4949C4D5C3106DCB5EBBA67B8B5B946F7204DCEC1DD3A2E9B1182681311172167D4C0EB06FDAF28F2181B078D20799DC8468239346CB6B07C5838E5101BB738EAB9FAF812D3D7E3FB2ABA2C734E97D5DC801A009FA2758EE222728568AD37257134B893C389DE49D01B2B0F117032F7673F87EE831C829BCAA3B11501BC88E7B7C533B1F021BF1DCAE30F13713E624E9A5876013FF00157B4DAC08B6E4FE8A6C5CE75D88ACD02F73B74FF285224EB6D572B531EE035DBE72A34B8C38589D52BCD3FA7586883659588E08E9B42A297197488B8DD174F8CB8DB430A76C3D523809304013D5743ECF7060C707BB50663B2C8A9C48CB7CD7845E171CF205E44D8F31CFE88F23AED598BCC6C8EA14E7B2E57018922C75D96E51C5B8441F4FD54DB138DA6123E96D541B8B74C1648E7CFBA1C57CC2C4023D558DC4E8214DE862EA5881696FA044B2AB7920A7733FAAB03065B6F7D64CA5A04BFC311702533A834EE3E3BA08D468126DCA74F5E4AB970320DB97E695F1195A9F61672F9A4B37ED6FFC4925E87B0A30B3B1BDBFDA9D4C1916104DC47EA8BCC401276EDEBD9444D88337F977DD7448CED0A2935A262E35F4EA93E9004012373DD15500CBBDF96B3D9525A4B6666D13F92002A8DBDF49BC0DFAAA9D8769D8C441E5AFD51E4911613D2FF243D476A083D3BA34466D6C10CD1946589CC7A21AB70E9B8D07C6169B5EE04922C48B299234E5AFA9D12D3C7375785B60CB600BCEE07359F89C036D637E9CBF55D7E229B098E961FE50D8AC20ED023A1D13F218E1F1382A60685A4EDF94ACE7F0F06C365DAE2F040D8B743AA0EA61AD25BCC5D54A1C6E23045A209CBDF655B291208B11B1DE574F570E264DC11170645F6D954DC10FBB13D15791ED8E7C53B011304A1FC2E7F15D18C1C589F4DD2760E206B274EA14E9EB0F0E7A41E7A2D4A0D06D7985A0DC135D78FD7E08AA18568B5AF7E47E2A6D395954DA763247D392D2C2905A2416C5E07344D5E164DC5FE47E5AABE8E1835A01CC3624F3DBD5656AE2186692E813FDC08969EC56B516BEDE6903A6FBCA87F0FA62730873AF237B45B91B2D06604868CB2081A6A0F6ED75975AAFA2C162886990753E6EFA596836B82627EAB3A9E0CCEA64E84E9D8A949077EC77FF00291E46ABAAB6DDF58943D470CC60C7EF543DC4998E40CEBD7928C1700436F7D34B1E6354FEC645EC791A924697DFF444B5AE37023D6E3F550761CC6D3F7A4F97BA05D871A19E9720FF00A5385E9A5E1D5FC43E01258FFC39DCFE47F54E8C1E9D1D5D4AAF86FB9FF12924BB9CD52A1A7A2833DDF5492502A5574F87D508CF787749248E06C56AFF004FA84050F79DFBDC2649234DDA8EC88ABEE7A14E922002FF0077E3F5287A9B2492B819AFFBDE9F9AAE8EC92482A0DFEF9FEEFC941DAFA94924E98CC1FBBF1FCD12EF74FF00624928A6D4A1FF006C7EF64654FBDD9A924B2AB81F8B683BAD2E0BFF006DBD9324974AEBE8AA68EFEEFD1595B56F73F40924A614FA2C4FB87B1FAABF0FA1FEEFD12491167A5EEFEF92435F87FF009092484D5E9249209FFFD9',X'FFD8FFE000104A46494600010100000100010000FFDB00840009060713131215131212161515171517161617181818151617151517161615161517181D2820181A251D151522312125292B2E2E2E171F3338332D37282D2E2B010A0A0A0E0D0E171010152B1D15192B2B2D2D2D2B2B2B2D2D2D2B2D2B2D372D2B2D2D2D2B2B2D2D372B2B2D2D2B2D372D372D2B2B2D2B2B2B2D2B2B2B2B2B2D2BFFC000110800E100E103012200021101031101FFC4001B00000105010100000000000000000000000400010203050607FFC4003D10000103020404030506060104030000000100021103210412314105516171132281063291A1B1144252C1D1F015236272E1F182073392A24353B2FFC400190100030101010000000000000000000000000102030405FFC400221101010101000202010501000000000000000111021221033113041441516181FFDA000C03010002110311003F00F4994A52849763129493248C248B932609201D294C9201424124900E5304E90481A14C312015AC4043C2485344B4272C53A611D4D3644606734DE123C86032D4884678499F491E430284F0A4E694C13D068494DAC5234920AE52CCA7E1A673101025465394C80529D34A74028492949511A13C2413809E9A39536556249692B84C42B61472A34210942784C9822532784B2A024C2AC055329C392A0482AF6BD08D2AD0545870487A94A1B3242AA8C312541CAB155273D0667049AC9515631C9858DA4AC0D500F4F9D2345C02A2A2B5C55151385543828277A84AB4A509D42524C8E0A4A329E5592529E5569C1404C393E65094D9918356E64B3AAB3259918356CA8950053E6460D4C2454414B329BCD3D390A30A529D21A882AC0F502140B5186BF3A62E544A45E8C2D59E227155525C9B327E234507A907A1D854C15162A55E1DC94C39500A7CCA54B8B95751473244A655438A8AB1CA9215C4549326CDD52578472929E544329084F642092991A70AAA7D0212F2879544A892AFF0D3786AA5858A144A27228E44692A6B4952CA42B9A15A14DEF15390D94A89279228909013122C77D0DACB3FCD355F8C2F88978AA588A61A0B8DC004BA3603FD21AA388A66AD319C06E66FF576F457F9392F0E97F88A61EA8A9877013B6C7F24D56939A46A645BE13655BCDFE53EE7DAF9512860F4DE214FC0BC963DD0AB355226540C2B9137A5EDACAC65742E6090295E21CE87F8A9BC641950F114FE23F3680A89CD440B6B291AAA6FC6AF210F7A1DEF291A89E414E73856AA9292B2C92BDFF09AED00AB98C0816B95ECA9D572D6B06C24EA72A14CD958149E07753843540B40854D5A6AF9E8AC032A32A6F54D53360E6B4F5B5F6F4855DFC9399B5338B52353AFFB5557C4E560711F7AF702C74286C6F156D3229B8B331205ED9493133C964F16A9E287B5F4E5B218E8F780D8380D5B3BAE3F93E5F2FA74F1F18FE398814A9BCB8D9C20106209BB0CEC65636378E5602A50AA1D4CFD9DD95E41BBA3507730ABC2F04736A80D739D8723296BFCCDCBA6533C8E8B45D8682DA4E74B58632B8C9691766426FAC08E4B2BFEB5F18AF0DC7F360E9D67BE2A18823F140DB704C841E2AA622957C3E1E8921AECCF8D8E62737C392CDE2CEA187146AD282CA7887D3A94DDF75AE222DAD8FD11781F69271ECC3D9E33D8B879A9B08930797EA90CFE9B98AC4BE90AD54549631EE0E6F22D804808EC271673DAC753682C2CFF00C0E994F52BCDF8862DCCC5D4A2F96B2AD5787DED943839AE076F2D968F06E22EAD4DD4E890C65334836F724B9AE249E605D54B615E77EDE89518D1A8B86CC0FE912552CAD4DE3CBC8389D803FB2B06871C753702733A03DD6D086BB239BDC6BD91914AA550D2E3E26592D063C8E32DCC3A05ACF9FA8CAFC51A0F6C2ADCD09B13C528B4B29B9C3339D945F5EB1C8225B4079858DE2779E4BAF8FD4CBF6E7EFE0B02984C4AB450F827F05754B2B0CAA547C345370EA668A728C0418A61A89F0538624302B42900890CE4AEA7853C94DEA43934065496AFD80A753E7C9F8D079958C2875635CB2B1ACA3A9D4560AA806B9580AC6C58F6D551C457CAD26262F6D7D10A1C85C4621BF7A637E5DD4F57C55CCD46BE21AE208061D11EBA183BA02B620879F103808009B653CC8954F1006BB086466176BAFE198E6E1A15CB3F0D5EA3E3192E682416B1CE6BD8D9D45FCE22FCD72F5D5B5B4E60DE35C2CB6BB310C399F1769199B51BCDB3BC6A87E35C6B18D735F429E76D9AF03A7DD74DC48FC968605CC27CAE2FA6CB87B1C49691F75ED26D6E9BAB9EEA82BB982A537D27B61CD0432AF3691A17036D06C92D8DEC8FB4E48AF45C1E1EC73EAD36BAC4B0CE6A57D48BDBA217DA0C08C5B062A8D62D7369B4D4024CE5D1CE02F205A75B23B8F627353FE506D3C5D28739AF6869A8DFE92E893F55CFE0B11886E240134EA3DA7C27810D738827C3AA3412645C6A9FD989F681AFAA0D4A8D07C3A4C73DC357D223FF0092352DE7CA117C57D9CB3EA53A9FCFF099E19FC4DD5A41DED63D96561BDA3AF52A5560A21B886882D88195A21D4DCD368D7E4BACE0AFA55E8615EDB7D9C0813A5A4B1DEA611A4C4A948D4A384A8E6CB9B26B0D73B4C2DAE17C05B87A52C6DC3C483CC1F7BE2AB1C698DC2E67303981CF766883E1E6718B6F30164FB49ED1B9D5F04EA2EF256349EF00EE089079584A9DB42FA345CDE26F638914CD396DC82E3065D3CDC754F5FC7AAD388A4E0DAA1A1B59CDFBC048CA39445FB2D0E318CA62A9C5541E5634B845C934CB8816D88015980F68195039B4D92EF10BAA362F91CD04DB9DE3E29864E0312F77D9659FCD65378CE7EF4BA0992BA17E3E9B312067065BE407DD86B9D2E3CFFC258D75034603C34786E6B20DEE2411F0F8AE3BDA0C65373705E27F2DC29F88F6E845378F2B5FD447CD128CFEDEA183C634887DB5C9FD435047C55F5A7EEFC37F55CB9E2CC7C511EFBE88C840F7185A32E63B4946F06E261E33670010D398EF32D0397DD9EE569C7CBD7359F5F1CB1AB2E4C1AE44B5FAD859404AF43E3F9E74E4EBE3C56E69559A65105D099CE573E445E16E00006EB6A9B6CB0B0D520AD3A38AE6B1F9375A71E8665E8921FED639A4B25B0E989DD396AE5A93CECE3039153671170D1FF1594FD649F6DBF6B7F874B9E149AF5C8D5C43C9BB8A2F078BBFBE7B734BF772DFA1FB7B1B78BA922248BECB9DE2FC52A36A0A605414F42E0D0F69EED22E3B147629C5C0BA648D86B1D39AE7F8D609E58D7532F60201263CAD3CCFE1EEA3BEBCAAB8E7150E1ED25EFC262DD4C93E76662EA45DBE669BD3950C071C879656C2D504C36A06CB999C5854618B480147075710066A9FCECBC8B1E5CD1C9CDBB84734661FDA8C2307BED6BBFF00ACCB48E621CA560319C6DD41E3C034DB9BCA1CF6786FC9C9FA070B9D5647B5DC39C1A0D4F1018CC2C5CC8370693DBA765A3ED47B64CAA0516D0639B101B519304FE131284C2715F06936990721043A81F331A4E85A756F644818F4B8A5575014EB9F1D823C37974D4645A1AFF7818E6BA4A344B68B5CE7F88043A99A96A8C3AB58E22F1B07751A2C1C4E369171CB41B949D397AA963F88B6AD314C986B6CDBDDBD01D61161B7FDA8AEC754A78AA514F15975DAAB40F75E37A8D320FA2E6BD8EE34FF00B4BD8F13E3171206CF02098F455FB45C5FC5C3D263C7F35911507DE8363DF4BA0F84D67E1DECC4812E6F9C72262E3EA9961F85E26ABE9D5A65E72D463F24E85C5D24475994F84069D721E2ED69A6C1CAA16641FAA9F12E20DA945B518DCA731740D9D9891DADF450E31C43C47B6B30438E4A8EE8FCA263B99296EAB1A75B8E54A942AF842034D263779A8C0D6C76B4A13F8ABB078CAC590F731A1A5CEBEC0BC9E449959F4FC4A349D33724B47F56B3F341E25A4B6A419D5EF76B2397AAA274DED07B461FE09A396258720D5A5865E0F49FAAAF88386231352B3E4D2A74F3319F79F02C3B4CACD6E09B40D2AA6E1FE68E4D8833D56F32BD207C7800BCE5C933958E248CDD6FA74536E7D1C86C662AA52C3D4A99C0AB52A3262D0C149B0D1C9A2C8FF6438C67F0856114E8B040FC4F921A5DD006AC0C160DF5DF880EDBCB3B011007784650C5B58CAD429B766333FE1196E7E652B458F42A1ED0F89892D0DCCD60125A6D26E4D48DF905D1E1F8BD126330049803E90BCDBD9CAECA538707CB21C72DDEE10353B2D06633254735AD9701EF1BE52EF316B27768804F755C5CBE99F5CC7A2B9A0DD56E62CCF67F165D45A4EBA5FA775A0EC485D7CDB639BA9ED1C8511447342FDA159F694ED2F42F284909F6A4921ACA185A62ED2024EE1EC2363F5560C30E6A6DA71A2F136BD1F5FD82FE1ED16BA87D9D8D32365A269F5BA071A4B7717D77F92D7E3DD4F5639FC5D5F3667547B6F600836EDA20B158A2FF00E4369BB10D3707C5F0EA367617063A23B11421C5DE286B4FBD9DC600FE96CD963D4AD4DD57296BAA336AADCF008DFCA6174B36562B80E1DC7CAE7E16A837655CC0CF3CDB8EA8DE2185A4DA45AEC634BC098700F693B105C098F544F19C3B7FEE56C4621A2065A912D68D844495CDBF078693E1B9F8A3CF23B20E84112D5462307C7EA784F63E9D17068391C1995CD2776ED1D96478D37324EE79F5EA518DBB0D9BD048B748374218802F2AA0351E716FA770AD7D19B88E9087A8C7B7CCD9EE3F34770A9AB2221E05C0B077A7E88A342E21E0D3CAF6CC1F2BB76E920F4DD5D58E5C3E537034FE971FBBFBE68C76122CE69836320911D93D5C0E511AB08CAE06F1C883BACED5465B704EF09CC68F2B9CD9E863CA7D42B5B83398363C85ACCDFF001001F98856BE8D4A4D1AED3E876FDEC89A6D7E77B00B96388F505E23E295D54C67B6B3B12FF3086B64F2E9F921EBD705AF637CADCDE63CE2CD016D6378739B58B9A3CA4027FB4E53F994461780B48022E1C49EAE80512E0BF4E6062AAE50D71227DC9D7A4720B4DB802CA023DE2F06FD2E0FCB5463B85C97BAA7BE2A0239C403089F01DE59162D0D1FF3970F9108BECE7A575B1AEFE5D2A63CD59C5CF8D4ED27B049D860DA4F73C4B9EE73F28B00D0034663CAD645FB3BC2C963EA1B38934C3B70D98765F49527E19EE73CB9A7C390D6B74CD16F5014FB1B195C26ABB3165377BD97C5ABD009224FC1750DA94A9BBDFF0011C3EE892D69D65EEDFB2C9C3FB3A6AD48CD969B750DB0EA3A95AD4B0ECA6452A6C81207944EF72E3B94F515D7707AF141B9BDF2335EDAE89AAF1033EEABF855382E6DDB2352E93A6C068149FC3A4DDF328FCD79FA4784AA0E2C0890559F6D6013759FC4387D517A6E951C1E736732E113F55D41F8634BF8833AA487F0CFE14957EF3AFE8FF046A06FAA6F4B262F541ACDDEEB9142891BC2E7B8B53755B36B78507A49F5E4B56AD7DDB65C8E3EB4D426BD668683E50D0338E970B7F8F945058DA618671591ECE65CC0E039802E564632AD1634BF87BF117B9CB51D91BD7223B89F07A1565ED06A93BBDE401D2047C966F01E0D46938D4A8F0F7498653B31BD093AADA40B787F1FC4D76F879ECE10E73A6A3FB86E83E0AE6710A74D8EA4EA95AA1022F14E9CF56B00CDEA4AA2B62F0A6A92EAA0307DCA61ADFF00CDF088F0C3FCD0D6D3FBA2FEE8DD071854A8B5873BBD099F9042543075DE7BAEB6A50A45B620123A15915B83BB5047AA72855C31C49B1BF2899F55D6E0F8631DE62CC8ED9CDB5F995CB70BE1AF0E19E992D9D60FC885DDE0B041A25A4FC498E7328B5355D6C3027CC2F113B1EFFAA06B70B6BA7B411B8E47F395BB9F9CAA6A46B6EFCD4E425785E1AD2D875CC026DA9020C7554E2F838610F027239B31F8091AF4DBD16950AC34E46C7AAD165419A7EEBAC42425AE778870E87006ED20413FD3A0ED07E48CE0B816971DCB4B847528EC5B01F2F5CA3B9D12E0F472C3B9FD46BF45163567F1CC05FDCD5CD3A5CD801F9A2317C325B95A3CC4E46F3B00091DB45A38E1355879E63FFB085B581A00106C79773729C4DAC6C37060C029B07958D009FC4ED4A63C286A4680868EBCFA92574CE0D00DB7F9FE6A80D19934ED64E1781C340D2DA3473D42C41C20B6AE639AD6198CDBB6817A0536DB6FDF35998DC28718227A6C81A0285C7BA00DAC01F96AA35691D44A38D22C6FBB6E634086F167658F51528312372A61E88796A62428B0F55F8892B7CA92587A4FA2399558C0B4AB877253662B5B223D82C7516D369D7D365C56338886025B2013AD4807D3300BBBC7D4390C831AC82BCFF8DBC07B49A59A0E6398662D034B735A704C9E2F5DD59FE19C4BA9C8F766E79CE5D02AF03870186861C3AB1D1F59C4368B798045DD08CA38165626AE2290A40E8D265E6798E686C3F0FAF4DE323C31A4F9586F91BCE362B4D35980F656830E678F100363101C7FA46802E9A970E618F2E5DF2998F41A2A70D45F2DF2971E66FDC995B2D16B6BD349EE9A6D06386536DADFE7B21F11811B4759FD16B7D9F7FDFC550FC283A09FDF348A566D0E1EE996C8EB36F82D5A6C23517DE15D84A31D13D69DA7E28309893BFCD60717E21E1B09365A98CA87F7BAE07DB3AC7CA06937449A62387FB5FE6871B7EEEBB0E1FC6039B7FD85E3CD7076D046E1753C06BB9A03A4E9A731C8AAEB8C839BAF4E7D70E8748DAFB9E451D83AF2206916EFBAE3B0B8C22D683A4ADDE1B25A6351759635C6C53A9244C588BF44751C68CCE03631FEBE6B9CA60C8FC22D3CCEC9CE24B41004B893FF001848AC6871AF695B406673872689F45B1C17181ED6BB59DF6F45E07ED471379C4F9BCD93406E2D7D17A0FF00D25E2CFAC6B308860870E41C6643790D15DE326A2DFE1EB14DB6D955518D3BFC14F0F165754A614C406AB4DB97A2C3AF48027295B78D2D0DF33411DA573B5DCC9F2E9D3F453DAB949CD5136DD0CEAC7625485758E345D9CF44953E2B52461EA3F6ED6EA2389367E8B21EF317B7ACA16B5702755D39186B77158D2E690D765991369F8AE45E6B673E76D9B2047FECF3B0EE512FC740E9F358DC52AB9EE0C14F3CEA1C4E46F581A955208541C5EECEF7F8867DF240A60F2A6DD4C7E25B540345E493CC40F9EEB2B09449BB80B6968D36ECB419888D74F5B760AB05AD367D773F92BA90738DA40F82129559B9B7D7FC23E9BFFD2442695211CFBE89DC7611D1541D2A6D2A4E274E81DCA8D567F52B849DE10CFA60733DD06C9C7323703E6B8DF68B0DE24B4C748E7F92EBF1F55C6DF40B33F8731DA937D85A7AA35731C1E1F82DE26574981C039ADB85A6FC1318ED328E67EA7A23AA580888264C6855F95A7248CCA74493D8AECF836173346D220ECB2E8604139847A2E87095006F2FDEEB3AB4DBC3DA353A68B3313872C2E04EA2DDAD75AB87C589F786AAEAD836BE5D1127F614FB0F2EF697D992F3E268E3711F55DBFF00D35C136851C8C649265CEE674BAB6A619EFF002968001DE66DDCAD1C053F08CFEFD2344EF56C4D91D6D1108A17080C1E25AE68D8FCCA2E4F24E31B0071275A2C0AE7EBD1124F3F8ADAE266751FA8F558F52938750B3F92AF90C70E364CFA477D1585A47DDBA76B964D02E449159D24B03927D49EF1AA14D4D8EBFBD51551B16D8041D4E53D7D39AE99D31F1078A7DADEBC8F40B2712493EF45F9C69A2D8AF713F4FCD0389C10719F8FC3657295F486031B1EF3A4ED79F45A54F1124068BEE4E81603F0D13040E51AC72EEAA662DCCDC91F51D557D93B4A75DA37F545D2C44D9BEBFE4AE270FC4EF075903B1E43F55A785E2C1CFF000DA7CBA970D32F327AF3460762C78E6A41FCBD162E0F161D76C641A7231691CCF545B7133B93FA28C3681AC06B286AF892743655F8B6FD942D62A6AA2D1881CBE290AAD3A01F42832D1FB2A190936FCD10CD8BF7849F9EC88C1D702C6FCA5515C86EA0177D3F550A6FCB726E15CAA82AA627C3060C4AE678DF1E7C80D791E6831F55A7C42B482570F8F3CE4C19B2730574581C45673C8155DF15DC7B2FC65CE8A355DE6D27AEC0F55E42DE255019123EB65D0706E265F543A1C1E4893DB43DD3B2614D7AED70490DD3F347E1FCA20C13D5673C663330A2CAA7733DB5FF002B9FA374B877DB41E88D356DBAC3C01D0CCA2EB626DAC75FC956A2FDA8C53893AFA2181E90A6FAD7B850F1DBD57377D7B6BCC40D5E8A30C3B156666A8168D9D0A253C4BC26754957E19FC63E2927FF0046393A8CBDF53A0DE108EA467436FDC15B0EA60C831D473E77D945F4041DF6F41B2E88CEB10D2D47EE4A1FC013F45B9E091D4EC3BF3507604FA7C5692A2B98AF879D05F5D167D6C25CC37F7BAECBEC045A7E3F241D6C1418227E4B4949C4D5C3106DCB5EBBA67B8B5B946F7204DCEC1DD3A2E9B1182681311172167D4C0EB06FDAF28F2181B078D20799DC8468239346CB6B07C5838E5101BB738EAB9FAF812D3D7E3FB2ABA2C734E97D5DC801A009FA2758EE222728568AD37257134B893C389DE49D01B2B0F117032F7673F87EE831C829BCAA3B11501BC88E7B7C533B1F021BF1DCAE30F13713E624E9A5876013FF00157B4DAC08B6E4FE8A6C5CE75D88ACD02F73B74FF285224EB6D572B531EE035DBE72A34B8C38589D52BCD3FA7586883659588E08E9B42A297197488B8DD174F8CB8DB430A76C3D523809304013D5743ECF7060C707BB50663B2C8A9C48CB7CD7845E171CF205E44D8F31CFE88F23AED598BCC6C8EA14E7B2E57018922C75D96E51C5B8441F4FD54DB138DA6123E96D541B8B74C1648E7CFBA1C57CC2C4023D558DC4E8214DE862EA5881696FA044B2AB7920A7733FAAB03065B6F7D64CA5A04BFC311702533A834EE3E3BA08D468126DCA74F5E4AB970320DB97E695F1195A9F61672F9A4B37ED6FFC4925E87B0A30B3B1BDBFDA9D4C1916104DC47EA8BCC401276EDEBD9444D88337F977DD7448CED0A2935A262E35F4EA93E9004012373DD15500CBBDF96B3D9525A4B6666D13F92002A8DBDF49BC0DFAAA9D8769D8C441E5AFD51E4911613D2FF243D476A083D3BA34466D6C10CD1946589CC7A21AB70E9B8D07C6169B5EE04922C48B299234E5AFA9D12D3C7375785B60CB600BCEE07359F89C036D637E9CBF55D7E229B098E961FE50D8AC20ED023A1D13F218E1F1382A60685A4EDF94ACE7F0F06C365DAE2F040D8B743AA0EA61AD25BCC5D54A1C6E23045A209CBDF655B291208B11B1DE574F570E264DC11170645F6D954DC10FBB13D15791ED8E7C53B011304A1FC2E7F15D18C1C589F4DD2760E206B274EA14E9EB0F0E7A41E7A2D4A0D06D7985A0DC135D78FD7E08AA18568B5AF7E47E2A6D395954DA763247D392D2C2905A2416C5E07344D5E164DC5FE47E5AABE8E1835A01CC3624F3DBD5656AE2186692E813FDC08969EC56B516BEDE6903A6FBCA87F0FA62730873AF237B45B91B2D06604868CB2081A6A0F6ED75975AAFA2C162886990753E6EFA596836B82627EAB3A9E0CCEA64E84E9D8A949077EC77FF00291E46ABAAB6DDF58943D470CC60C7EF543DC4998E40CEBD7928C1700436F7D34B1E6354FEC645EC791A924697DFF444B5AE37023D6E3F550761CC6D3F7A4F97BA05D871A19E9720FF00A5385E9A5E1D5FC43E01258FFC39DCFE47F54E8C1E9D1D5D4AAF86FB9FF12924BB9CD52A1A7A2833DDF5492502A5574F87D508CF787749248E06C56AFF004FA84050F79DFBDC2649234DDA8EC88ABEE7A14E922002FF0077E3F5287A9B2492B819AFFBDE9F9AAE8EC92482A0DFEF9FEEFC941DAFA94924E98CC1FBBF1FCD12EF74FF00624928A6D4A1FF006C7EF64654FBDD9A924B2AB81F8B683BAD2E0BFF006DBD9324974AEBE8AA68EFEEFD1595B56F73F40924A614FA2C4FB87B1FAABF0FA1FEEFD12491167A5EEFEF92435F87FF009092484D5E9249209FFFD9',X'FFD8FFE000104A46494600010100000100010000FFDB00840009060713131215131212161515171517161617181818151617151517161615161517181D2820181A251D151522312125292B2E2E2E171F3338332D37282D2E2B010A0A0A0E0D0E171010152B1D15192B2B2D2D2D2B2B2B2D2D2D2B2D2B2D372D2B2D2D2D2B2B2D2D372B2B2D2D2B2D372D372D2B2B2D2B2B2B2D2B2B2B2B2B2D2BFFC000110800E100E103012200021101031101FFC4001B00000105010100000000000000000000000400010203050607FFC4003D10000103020404030506060104030000000100021103210412314105516171132281063291A1B1144252C1D1F015236272E1F182073392A24353B2FFC400190100030101010000000000000000000000000102030405FFC400221101010101000202010501000000000000000111021221033113041441516181FFDA000C03010002110311003F00F4994A52849763129493248C248B932609201D294C9201424124900E5304E90481A14C312015AC4043C2485344B4272C53A611D4D3644606734DE123C86032D4884678499F491E430284F0A4E694C13D068494DAC5234920AE52CCA7E1A673101025465394C80529D34A74028492949511A13C2413809E9A39536556249692B84C42B61472A34210942784C9822532784B2A024C2AC055329C392A0482AF6BD08D2AD0545870487A94A1B3242AA8C312541CAB155273D0667049AC9515631C9858DA4AC0D500F4F9D2345C02A2A2B5C55151385543828277A84AB4A509D42524C8E0A4A329E5592529E5569C1404C393E65094D9918356E64B3AAB3259918356CA8950053E6460D4C2454414B329BCD3D390A30A529D21A882AC0F502140B5186BF3A62E544A45E8C2D59E227155525C9B327E234507A907A1D854C15162A55E1DC94C39500A7CCA54B8B95751473244A655438A8AB1CA9215C4549326CDD52578472929E544329084F642092991A70AAA7D0212F2879544A892AFF0D3786AA5858A144A27228E44692A6B4952CA42B9A15A14DEF15390D94A89279228909013122C77D0DACB3FCD355F8C2F88978AA588A61A0B8DC004BA3603FD21AA388A66AD319C06E66FF576F457F9392F0E97F88A61EA8A9877013B6C7F24D56939A46A645BE13655BCDFE53EE7DAF9512860F4DE214FC0BC963DD0AB355226540C2B9137A5EDACAC65742E6090295E21CE87F8A9BC641950F114FE23F3680A89CD440B6B291AAA6FC6AF210F7A1DEF291A89E414E73856AA9292B2C92BDFF09AED00AB98C0816B95ECA9D572D6B06C24EA72A14CD958149E07753843540B40854D5A6AF9E8AC032A32A6F54D53360E6B4F5B5F6F4855DFC9399B5338B52353AFFB5557C4E560711F7AF702C74286C6F156D3229B8B331205ED9493133C964F16A9E287B5F4E5B218E8F780D8380D5B3BAE3F93E5F2FA74F1F18FE398814A9BCB8D9C20106209BB0CEC65636378E5602A50AA1D4CFD9DD95E41BBA3507730ABC2F04736A80D739D8723296BFCCDCBA6533C8E8B45D8682DA4E74B58632B8C9691766426FAC08E4B2BFEB5F18AF0DC7F360E9D67BE2A18823F140DB704C841E2AA622957C3E1E8921AECCF8D8E62737C392CDE2CEA187146AD282CA7887D3A94DDF75AE222DAD8FD11781F69271ECC3D9E33D8B879A9B08930797EA90CFE9B98AC4BE90AD54549631EE0E6F22D804808EC271673DAC753682C2CFF00C0E994F52BCDF8862DCCC5D4A2F96B2AD5787DED943839AE076F2D968F06E22EAD4DD4E890C65334836F724B9AE249E605D54B615E77EDE89518D1A8B86CC0FE912552CAD4DE3CBC8389D803FB2B06871C753702733A03DD6D086BB239BDC6BD91914AA550D2E3E26592D063C8E32DCC3A05ACF9FA8CAFC51A0F6C2ADCD09B13C528B4B29B9C3339D945F5EB1C8225B4079858DE2779E4BAF8FD4CBF6E7EFE0B02984C4AB450F827F05754B2B0CAA547C345370EA668A728C0418A61A89F0538624302B42900890CE4AEA7853C94DEA43934065496AFD80A753E7C9F8D079958C2875635CB2B1ACA3A9D4560AA806B9580AC6C58F6D551C457CAD26262F6D7D10A1C85C4621BF7A637E5DD4F57C55CCD46BE21AE208061D11EBA183BA02B620879F103808009B653CC8954F1006BB086466176BAFE198E6E1A15CB3F0D5EA3E3192E682416B1CE6BD8D9D45FCE22FCD72F5D5B5B4E60DE35C2CB6BB310C399F1769199B51BCDB3BC6A87E35C6B18D735F429E76D9AF03A7DD74DC48FC968605CC27CAE2FA6CB87B1C49691F75ED26D6E9BAB9EEA82BB982A537D27B61CD0432AF3691A17036D06C92D8DEC8FB4E48AF45C1E1EC73EAD36BAC4B0CE6A57D48BDBA217DA0C08C5B062A8D62D7369B4D4024CE5D1CE02F205A75B23B8F627353FE506D3C5D28739AF6869A8DFE92E893F55CFE0B11886E240134EA3DA7C27810D738827C3AA3412645C6A9FD989F681AFAA0D4A8D07C3A4C73DC357D223FF0092352DE7CA117C57D9CB3EA53A9FCFF099E19FC4DD5A41DED63D96561BDA3AF52A5560A21B886882D88195A21D4DCD368D7E4BACE0AFA55E8615EDB7D9C0813A5A4B1DEA611A4C4A948D4A384A8E6CB9B26B0D73B4C2DAE17C05B87A52C6DC3C483CC1F7BE2AB1C698DC2E67303981CF766883E1E6718B6F30164FB49ED1B9D5F04EA2EF256349EF00EE089079584A9DB42FA345CDE26F638914CD396DC82E3065D3CDC754F5FC7AAD388A4E0DAA1A1B59CDFBC048CA39445FB2D0E318CA62A9C5541E5634B845C934CB8816D88015980F68195039B4D92EF10BAA362F91CD04DB9DE3E29864E0312F77D9659FCD65378CE7EF4BA0992BA17E3E9B312067065BE407DD86B9D2E3CFFC258D75034603C34786E6B20DEE2411F0F8AE3BDA0C65373705E27F2DC29F88F6E845378F2B5FD447CD128CFEDEA183C634887DB5C9FD435047C55F5A7EEFC37F55CB9E2CC7C511EFBE88C840F7185A32E63B4946F06E261E33670010D398EF32D0397DD9EE569C7CBD7359F5F1CB1AB2E4C1AE44B5FAD859404AF43E3F9E74E4EBE3C56E69559A65105D099CE573E445E16E00006EB6A9B6CB0B0D520AD3A38AE6B1F9375A71E8665E8921FED639A4B25B0E989DD396AE5A93CECE3039153671170D1FF1594FD649F6DBF6B7F874B9E149AF5C8D5C43C9BB8A2F078BBFBE7B734BF772DFA1FB7B1B78BA922248BECB9DE2FC52A36A0A605414F42E0D0F69EED22E3B147629C5C0BA648D86B1D39AE7F8D609E58D7532F60201263CAD3CCFE1EEA3BEBCAAB8E7150E1ED25EFC262DD4C93E76662EA45DBE669BD3950C071C879656C2D504C36A06CB999C5854618B480147075710066A9FCECBC8B1E5CD1C9CDBB84734661FDA8C2307BED6BBFF00ACCB48E621CA560319C6DD41E3C034DB9BCA1CF6786FC9C9FA070B9D5647B5DC39C1A0D4F1018CC2C5CC8370693DBA765A3ED47B64CAA0516D0639B101B519304FE131284C2715F06936990721043A81F331A4E85A756F644818F4B8A5575014EB9F1D823C37974D4645A1AFF7818E6BA4A344B68B5CE7F88043A99A96A8C3AB58E22F1B07751A2C1C4E369171CB41B949D397AA963F88B6AD314C986B6CDBDDBD01D61161B7FDA8AEC754A78AA514F15975DAAB40F75E37A8D320FA2E6BD8EE34FF00B4BD8F13E3171206CF02098F455FB45C5FC5C3D263C7F35911507DE8363DF4BA0F84D67E1DECC4812E6F9C72262E3EA9961F85E26ABE9D5A65E72D463F24E85C5D24475994F84069D721E2ED69A6C1CAA16641FAA9F12E20DA945B518DCA731740D9D9891DADF450E31C43C47B6B30438E4A8EE8FCA263B99296EAB1A75B8E54A942AF842034D263779A8C0D6C76B4A13F8ABB078CAC590F731A1A5CEBEC0BC9E449959F4FC4A349D33724B47F56B3F341E25A4B6A419D5EF76B2397AAA274DED07B461FE09A396258720D5A5865E0F49FAAAF88386231352B3E4D2A74F3319F79F02C3B4CACD6E09B40D2AA6E1FE68E4D8833D56F32BD207C7800BCE5C933958E248CDD6FA74536E7D1C86C662AA52C3D4A99C0AB52A3262D0C149B0D1C9A2C8FF6438C67F0856114E8B040FC4F921A5DD006AC0C160DF5DF880EDBCB3B011007784650C5B58CAD429B766333FE1196E7E652B458F42A1ED0F89892D0DCCD60125A6D26E4D48DF905D1E1F8BD126330049803E90BCDBD9CAECA538707CB21C72DDEE10353B2D06633254735AD9701EF1BE52EF316B27768804F755C5CBE99F5CC7A2B9A0DD56E62CCF67F165D45A4EBA5FA775A0EC485D7CDB639BA9ED1C8511447342FDA159F694ED2F42F284909F6A4921ACA185A62ED2024EE1EC2363F5560C30E6A6DA71A2F136BD1F5FD82FE1ED16BA87D9D8D32365A269F5BA071A4B7717D77F92D7E3DD4F5639FC5D5F3667547B6F600836EDA20B158A2FF00E4369BB10D3707C5F0EA367617063A23B11421C5DE286B4FBD9DC600FE96CD963D4AD4DD57296BAA336AADCF008DFCA6174B36562B80E1DC7CAE7E16A837655CC0CF3CDB8EA8DE2185A4DA45AEC634BC098700F693B105C098F544F19C3B7FEE56C4621A2065A912D68D844495CDBF078693E1B9F8A3CF23B20E84112D5462307C7EA784F63E9D17068391C1995CD2776ED1D96478D37324EE79F5EA518DBB0D9BD048B748374218802F2AA0351E716FA770AD7D19B88E9087A8C7B7CCD9EE3F34770A9AB2221E05C0B077A7E88A342E21E0D3CAF6CC1F2BB76E920F4DD5D58E5C3E537034FE971FBBFBE68C76122CE69836320911D93D5C0E511AB08CAE06F1C883BACED5465B704EF09CC68F2B9CD9E863CA7D42B5B83398363C85ACCDFF001001F98856BE8D4A4D1AED3E876FDEC89A6D7E77B00B96388F505E23E295D54C67B6B3B12FF3086B64F2E9F921EBD705AF637CADCDE63CE2CD016D6378739B58B9A3CA4027FB4E53F994461780B48022E1C49EAE80512E0BF4E6062AAE50D71227DC9D7A4720B4DB802CA023DE2F06FD2E0FCB5463B85C97BAA7BE2A0239C403089F01DE59162D0D1FF3970F9108BECE7A575B1AEFE5D2A63CD59C5CF8D4ED27B049D860DA4F73C4B9EE73F28B00D0034663CAD645FB3BC2C963EA1B38934C3B70D98765F49527E19EE73CB9A7C390D6B74CD16F5014FB1B195C26ABB3165377BD97C5ABD009224FC1750DA94A9BBDFF0011C3EE892D69D65EEDFB2C9C3FB3A6AD48CD969B750DB0EA3A95AD4B0ECA6452A6C81207944EF72E3B94F515D7707AF141B9BDF2335EDAE89AAF1033EEABF855382E6DDB2352E93A6C068149FC3A4DDF328FCD79FA4784AA0E2C0890559F6D6013759FC4387D517A6E951C1E736732E113F55D41F8634BF8833AA487F0CFE14957EF3AFE8FF046A06FAA6F4B262F541ACDDEEB9142891BC2E7B8B53755B36B78507A49F5E4B56AD7DDB65C8E3EB4D426BD668683E50D0338E970B7F8F945058DA618671591ECE65CC0E039802E564632AD1634BF87BF117B9CB51D91BD7223B89F07A1565ED06A93BBDE401D2047C966F01E0D46938D4A8F0F7498653B31BD093AADA40B787F1FC4D76F879ECE10E73A6A3FB86E83E0AE6710A74D8EA4EA95AA1022F14E9CF56B00CDEA4AA2B62F0A6A92EAA0307DCA61ADFF00CDF088F0C3FCD0D6D3FBA2FEE8DD071854A8B5873BBD099F9042543075DE7BAEB6A50A45B620123A15915B83BB5047AA72855C31C49B1BF2899F55D6E0F8631DE62CC8ED9CDB5F995CB70BE1AF0E19E992D9D60FC885DDE0B041A25A4FC498E7328B5355D6C3027CC2F113B1EFFAA06B70B6BA7B411B8E47F395BB9F9CAA6A46B6EFCD4E425785E1AD2D875CC026DA9020C7554E2F838610F027239B31F8091AF4DBD16950AC34E46C7AAD165419A7EEBAC42425AE778870E87006ED20413FD3A0ED07E48CE0B816971DCB4B847528EC5B01F2F5CA3B9D12E0F472C3B9FD46BF45163567F1CC05FDCD5CD3A5CD801F9A2317C325B95A3CC4E46F3B00091DB45A38E1355879E63FFB085B581A00106C79773729C4DAC6C37060C029B07958D009FC4ED4A63C286A4680868EBCFA92574CE0D00DB7F9FE6A80D19934ED64E1781C340D2DA3473D42C41C20B6AE639AD6198CDBB6817A0536DB6FDF35998DC28718227A6C81A0285C7BA00DAC01F96AA35691D44A38D22C6FBB6E634086F167658F51528312372A61E88796A62428B0F55F8892B7CA92587A4FA2399558C0B4AB877253662B5B223D82C7516D369D7D365C56338886025B2013AD4807D3300BBBC7D4390C831AC82BCFF8DBC07B49A59A0E6398662D034B735A704C9E2F5DD59FE19C4BA9C8F766E79CE5D02AF03870186861C3AB1D1F59C4368B798045DD08CA38165626AE2290A40E8D265E6798E686C3F0FAF4DE323C31A4F9586F91BCE362B4D35980F656830E678F100363101C7FA46802E9A970E618F2E5DF2998F41A2A70D45F2DF2971E66FDC995B2D16B6BD349EE9A6D06386536DADFE7B21F11811B4759FD16B7D9F7FDFC550FC283A09FDF348A566D0E1EE996C8EB36F82D5A6C23517DE15D84A31D13D69DA7E28309893BFCD60717E21E1B09365A98CA87F7BAE07DB3AC7CA06937449A62387FB5FE6871B7EEEBB0E1FC6039B7FD85E3CD7076D046E1753C06BB9A03A4E9A731C8AAEB8C839BAF4E7D70E8748DAFB9E451D83AF2206916EFBAE3B0B8C22D683A4ADDE1B25A6351759635C6C53A9244C588BF44751C68CCE03631FEBE6B9CA60C8FC22D3CCEC9CE24B41004B893FF001848AC6871AF695B406673872689F45B1C17181ED6BB59DF6F45E07ED471379C4F9BCD93406E2D7D17A0FF00D25E2CFAC6B308860870E41C6643790D15DE326A2DFE1EB14DB6D955518D3BFC14F0F165754A614C406AB4DB97A2C3AF48027295B78D2D0DF33411DA573B5DCC9F2E9D3F453DAB949CD5136DD0CEAC7625485758E345D9CF44953E2B52461EA3F6ED6EA2389367E8B21EF317B7ACA16B5702755D39186B77158D2E690D765991369F8AE45E6B673E76D9B2047FECF3B0EE512FC740E9F358DC52AB9EE0C14F3CEA1C4E46F581A955208541C5EECEF7F8867DF240A60F2A6DD4C7E25B540345E493CC40F9EEB2B09449BB80B6968D36ECB419888D74F5B760AB05AD367D773F92BA90738DA40F82129559B9B7D7FC23E9BFFD2442695211CFBE89DC7611D1541D2A6D2A4E274E81DCA8D567F52B849DE10CFA60733DD06C9C7323703E6B8DF68B0DE24B4C748E7F92EBF1F55C6DF40B33F8731DA937D85A7AA35731C1E1F82DE26574981C039ADB85A6FC1318ED328E67EA7A23AA580888264C6855F95A7248CCA74493D8AECF836173346D220ECB2E8604139847A2E87095006F2FDEEB3AB4DBC3DA353A68B3313872C2E04EA2DDAD75AB87C589F786AAEAD836BE5D1127F614FB0F2EF697D992F3E268E3711F55DBFF00D35C136851C8C649265CEE674BAB6A619EFF002968001DE66DDCAD1C053F08CFEFD2344EF56C4D91D6D1108A17080C1E25AE68D8FCCA2E4F24E31B0071275A2C0AE7EBD1124F3F8ADAE266751FA8F558F52938750B3F92AF90C70E364CFA477D1585A47DDBA76B964D02E449159D24B03927D49EF1AA14D4D8EBFBD51551B16D8041D4E53D7D39AE99D31F1078A7DADEBC8F40B2712493EF45F9C69A2D8AF713F4FCD0389C10719F8FC3657295F486031B1EF3A4ED79F45A54F1124068BEE4E81603F0D13040E51AC72EEAA662DCCDC91F51D557D93B4A75DA37F545D2C44D9BEBFE4AE270FC4EF075903B1E43F55A785E2C1CFF000DA7CBA970D32F327AF3460762C78E6A41FCBD162E0F161D76C641A7231691CCF545B7133B93FA28C3681AC06B286AF892743655F8B6FD942D62A6AA2D1881CBE290AAD3A01F42832D1FB2A190936FCD10CD8BF7849F9EC88C1D702C6FCA5515C86EA0177D3F550A6FCB726E15CAA82AA627C3060C4AE678DF1E7C80D791E6831F55A7C42B482570F8F3CE4C19B2730574581C45673C8155DF15DC7B2FC65CE8A355DE6D27AEC0F55E42DE255019123EB65D0706E265F543A1C1E4893DB43DD3B2614D7AED70490DD3F347E1FCA20C13D5673C663330A2CAA7733DB5FF002B9FA374B877DB41E88D356DBAC3C01D0CCA2EB626DAC75FC956A2FDA8C53893AFA2181E90A6FAD7B850F1DBD57377D7B6BCC40D5E8A30C3B156666A8168D9D0A253C4BC26754957E19FC63E2927FF0046393A8CBDF53A0DE108EA467436FDC15B0EA60C831D473E77D945F4041DF6F41B2E88CEB10D2D47EE4A1FC013F45B9E091D4EC3BF3507604FA7C5692A2B98AF879D05F5D167D6C25CC37F7BAECBEC045A7E3F241D6C1418227E4B4949C4D5C3106DCB5EBBA67B8B5B946F7204DCEC1DD3A2E9B1182681311172167D4C0EB06FDAF28F2181B078D20799DC8468239346CB6B07C5838E5101BB738EAB9FAF812D3D7E3FB2ABA2C734E97D5DC801A009FA2758EE222728568AD37257134B893C389DE49D01B2B0F117032F7673F87EE831C829BCAA3B11501BC88E7B7C533B1F021BF1DCAE30F13713E624E9A5876013FF00157B4DAC08B6E4FE8A6C5CE75D88ACD02F73B74FF285224EB6D572B531EE035DBE72A34B8C38589D52BCD3FA7586883659588E08E9B42A297197488B8DD174F8CB8DB430A76C3D523809304013D5743ECF7060C707BB50663B2C8A9C48CB7CD7845E171CF205E44D8F31CFE88F23AED598BCC6C8EA14E7B2E57018922C75D96E51C5B8441F4FD54DB138DA6123E96D541B8B74C1648E7CFBA1C57CC2C4023D558DC4E8214DE862EA5881696FA044B2AB7920A7733FAAB03065B6F7D64CA5A04BFC311702533A834EE3E3BA08D468126DCA74F5E4AB970320DB97E695F1195A9F61672F9A4B37ED6FFC4925E87B0A30B3B1BDBFDA9D4C1916104DC47EA8BCC401276EDEBD9444D88337F977DD7448CED0A2935A262E35F4EA93E9004012373DD15500CBBDF96B3D9525A4B6666D13F92002A8DBDF49BC0DFAAA9D8769D8C441E5AFD51E4911613D2FF243D476A083D3BA34466D6C10CD1946589CC7A21AB70E9B8D07C6169B5EE04922C48B299234E5AFA9D12D3C7375785B60CB600BCEE07359F89C036D637E9CBF55D7E229B098E961FE50D8AC20ED023A1D13F218E1F1382A60685A4EDF94ACE7F0F06C365DAE2F040D8B743AA0EA61AD25BCC5D54A1C6E23045A209CBDF655B291208B11B1DE574F570E264DC11170645F6D954DC10FBB13D15791ED8E7C53B011304A1FC2E7F15D18C1C589F4DD2760E206B274EA14E9EB0F0E7A41E7A2D4A0D06D7985A0DC135D78FD7E08AA18568B5AF7E47E2A6D395954DA763247D392D2C2905A2416C5E07344D5E164DC5FE47E5AABE8E1835A01CC3624F3DBD5656AE2186692E813FDC08969EC56B516BEDE6903A6FBCA87F0FA62730873AF237B45B91B2D06604868CB2081A6A0F6ED75975AAFA2C162886990753E6EFA596836B82627EAB3A9E0CCEA64E84E9D8A949077EC77FF00291E46ABAAB6DDF58943D470CC60C7EF543DC4998E40CEBD7928C1700436F7D34B1E6354FEC645EC791A924697DFF444B5AE37023D6E3F550761CC6D3F7A4F97BA05D871A19E9720FF00A5385E9A5E1D5FC43E01258FFC39DCFE47F54E8C1E9D1D5D4AAF86FB9FF12924BB9CD52A1A7A2833DDF5492502A5574F87D508CF787749248E06C56AFF004FA84050F79DFBDC2649234DDA8EC88ABEE7A14E922002FF0077E3F5287A9B2492B819AFFBDE9F9AAE8EC92482A0DFEF9FEEFC941DAFA94924E98CC1FBBF1FCD12EF74FF00624928A6D4A1FF006C7EF64654FBDD9A924B2AB81F8B683BAD2E0BFF006DBD9324974AEBE8AA68EFEEFD1595B56F73F40924A614FA2C4FB87B1FAABF0FA1FEEFD12491167A5EEFEF92435F87FF009092484D5E9249209FFFD9',NULL);

#
# Data for table "m_user"
#

REPLACE INTO `m_user` (`u_Id`,`u_name`,`u_mailaddr`,`u_pass`,`u_post`,`u_address`,`u_tel`,`u_birth_day`,`u_sex`) VALUES ('','aaa','aaa','tNGXL','737-7879','aaa','11111111','1990-08-14','m'),('0002','吉本直人','xxxxyyyy@gmail.co.jp','600452894804a22ee107ead7d7493b9caaf5bb4ae78f2af73d62f7b361cd60e6','7330001','広島県','12345678','1990/8/14','1'),('0003','国貞正樹','xxxxyyyy@gmail.co.jp','123131213','7330001','広島県','12345678','1990/8/14','1'),('0004','森口有機','xxxxyyyy@gmail.co.jp','123131213','7330001','広島県','12345678','1990/8/14','1'),('0005','石山大樹','xxxxyyyy@gmail.co.jp','d74ff0ee8da3b9806b18c877dbf29bbde50b5bd8e4dad7a3a725000feb82e8f1','7330001','広島県','12345678','1990/8/14','1'),('0006','西川あんこ','xxxxyyyy@gmail.co.jp','123131213','7330001','広島県','12345678','1990/8/14','1');

#
# Data for table "oc_user"
#


#
# Data for table "procate"
#


#
# Data for table "product"
#


#
# Data for table "sequence"
#

REPLACE INTO `sequence` (`SEQ_NAME`,`SEQ_COUNT`) VALUES ('SEQ_GEN',0);

#
# Data for table "t_buy_history"
#


#
# Data for table "t_cart"
#


#
# Data for table "t_caｒt"
#


#
# Data for table "t_pro_cate"
#

REPLACE INTO `t_pro_cate` (`p_id`,`c_id`) VALUES ('0003','0011'),('0004','0011'),('0005','0011'),('0006','0002'),('0007','0002'),('0008','0002'),('0009','0002'),('0010','0002'),('0011','0003'),('0012','0003'),('0013','0003'),('0014','0003'),('0015','0003'),('0016','0004'),('0017','0004'),('0018','0004'),('0019','0004'),('0020','0004'),('0021','0005'),('0022','0005'),('0023','0005'),('0024','0005'),('0025','0005'),('0026','0006'),('0027','0006'),('0028','0006'),('0029','0006'),('0030','0006'),('0031','0007'),('0032','0007'),('0033','0007'),('0034','0007'),('0035','0007'),('0036','0008'),('0037','0008'),('0038','0008'),('0039','0008'),('0040','0008'),('0041','0009'),('0042','0009'),('0043','0009'),('0044','0009'),('0045','0009'),('0046','0010'),('0047','0010'),('0048','0010'),('0049','0010'),('0050','0010');

#
# Data for table "user"
#

