# Host: localhost  (Version 5.7.19-log)
# Date: 2017-10-17 16:45:04
# Generator: MySQL-Front 6.0  (Build 1.124)


#
# Data for table "buyhistory"
#


#
# Data for table "cart"
#


#
# Data for table "category"
#


#
# Data for table "m_category"
#

REPLACE INTO `m_category` (`c_id`,`c_name`) VALUES ('0002','食品'),('0003','お酒'),('0004','車'),('0005','おもちゃ'),('0006','薬'),('0007','パソコン'),('0008','ホーム＆キッチン'),('0009','本'),('0010','ビデオ'),('0011','家電');

#
# Data for table "m_product"
#

REPLACE INTO `m_product` (`p_id`,`p_name`,`p_count`,`p_price`,`p_img`,`p_img2`,`p_img3`,`c_id`) VALUES ('0002','単機能レンジ22L',100,15000,X'FFD8FFE000104A46494600010100000100010000FFDB0043000503040404030504040405050506070C08070707070F0B0B090C110F1212110F111113161C1713141A1511111821181A1D1D1F1F1F13172224221E241C1E1F1EFFDB0043010505050706070E08080E1E1411141E1E1E1E1E1E1E1E1E1E1E1E1E1E1E1E1E1E1E1E1E1E1E1E1E1E1E1E1E1E1E1E1E1E1E1E1E1E1E1E1E1E1E1E1E1E1E1E1E1EFFC0001108015E015E03012200021101031101FFC4001F0000010501010101010100000000000000000102030405060708090A0BFFC400B5100002010303020403050504040000017D01020300041105122131410613516107227114328191A1082342B1C11552D1F02433627282090A161718191A25262728292A3435363738393A434445464748494A535455565758595A636465666768696A737475767778797A838485868788898A92939495969798999AA2A3A4A5A6A7A8A9AAB2B3B4B5B6B7B8B9BAC2C3C4C5C6C7C8C9CAD2D3D4D5D6D7D8D9DAE1E2E3E4E5E6E7E8E9EAF1F2F3F4F5F6F7F8F9FAFFC4001F0100030101010101010101010000000000000102030405060708090A0BFFC400B51100020102040403040705040400010277000102031104052131061241510761711322328108144291A1B1C109233352F0156272D10A162434E125F11718191A262728292A35363738393A434445464748494A535455565758595A636465666768696A737475767778797A82838485868788898A92939495969798999AA2A3A4A5A6A7A8A9AAB2B3B4B5B6B7B8B9BAC2C3C4C5C6C7C8C9CAD2D3D4D5D6D7D8D9DAE2E3E4E5E6E7E8E9EAF2F3F4F5F6F7F8F9FAFFDA000C03010002110311003F00FB2E8A28A0028A28A0028A28A0028A28A0028A28A0028A28A0028A28A0028A28A0028A28A0028A28A0028A28A0028A28A0028A28A0028A28A0028A28A0028A28A0028A28A0028A28A0028A28A0028A28A0028A28A0028A28A0028A28A0028A28A0028A28A0028A28A0028A28A0028A28A0028A28A0028A28A0028A28A0028A28A0028A28A0028A28A0028A28A0028A28A0028A28A0028A28A0028A28A0028A28A0028A28A0028A28A0028A28A0028A28A0028A28A0028A28A0028A28A0028A28A0028A28A0028A28A0028A28A0028A28A0028A28A0028A28A0028A28A0028A28A0028A28A0028A28A0028A28A0028A28A0028A28A0028A28A0028A28A0028A28A0028A28A0028A28A0028A28A0028A28A0028A28A0028A28A0028A28A0028A28A0028A28A0028A28A0028A28A0028A28A0028A28A0028A28A0028A28A0028A28A0028A28A0028A28A0028A28A0028A28A0028A28A0028A28A0028A28A0028A28A0028A28A0028A28A0028A28A0028A865BAB78BEFCC83D81C9AAEDA9C00E112573ECB8FE74017A8ACE37D70C7F77001FEF1A6896F09F9A503E8A28034E8ACE0F381F34AC69C2E25FEF5005FA2A8FDA26ECC3F2A4FB4CDFDE1F953B017E8AA1F689BFBDFA0A3ED137771F90A2C3B17E8AA1F689BFBFFF008ED06E27FEF8FC85160B17E8AA1E7DC76917F15A417171FDF5FF00BE69058D0A2A879F73D993F15A3CFBAFEF47FF007C9FF1A02C5FA2A8FDA2EBD62FFBE4FF008D1F68BAFF00A627FE027FC680B17A8AA5F68B9F48BF2347DA6E7FBB19FCE80B1768AA5F6A9FFB91FEB47DAA7FF9E71FE740AC5DA2A9FDAA6FF9E69F99A3ED730EB127FDF54058B9455317927FCF11FF007D51F6C7FF009E23FEFAFF00EB50162E51553ED8DDE2FF00C7A8FB67AC47F3A02C5BA2AAFDB57FE79B7E6297EDB1FF00CF393F4FF1A00B34556FB647FDC7FD3FC697ED9163A37E5401628AAFF6C8BFDAFCA9E27423386FCA8025A2A217119FEF7E54A264F53F95004945304887BD3F20F7A0029ACE89F7980FA9A8E766DDB45479EE46680164BD854E00763ECB503DECE4E22B751EEEDFE153EFC76A4DC3FBA3F2A00A8F2DEBF26658C7A22FF8D472446420C92C8FF527157F2BFF003CD7F2A3287AC60FE140CA6B0DBAF457FC853D4463A071FF0001AB1FBBFF009E63F2A311FF00CF25FCA81107CBFDE7FF00BE68F97FBCDFF7CD4DB62FF9E4BF951B62FF009E428021C0FEF9FF00BE0D181FDFFF00C74D4DB62FF9E746C8BFE79D03B910008FBE3FEF934607FCF41F91A976C5FDCC7FC08D1B62FEE9FF00BE8D01722DA3FBEBFAD2151FDF5A97647E8E3FE0468D91FAC9FF007D501723DA7FE7A27E7401FF004D23FF00BEAA4F2E33DDFF00EFAA3CB4F57FCE8B85C60563D1D3FEFA146C3FDF5FFBE8538C69D373FE749E547FDE6A02E37CB6ECCBFF007D0A3CA93FD9FF00BE85298A3F53F951E527F7DBF2A004F2E4F41F98A3649D714BE4AFF78FE4297CA18E1FF4140C69493FBA68D92FF75A9C23E3EFFE94BE50FEFF00E94088CA49D95A80929FE16A93CAFF006C7E547978FE31FAFF008D0047B25F46FCA8DB20EA0FE54FF28FFCF4FE74796DDA4FD4D02B8CC3FF0074FE549B5BD0FE5526C7FEFF00EA69A159D72B21C7FBC681DC6EC6FEE9FCA8DADDD4FE54E1149FF3D4FF00DF66831C9FF3D0FF00DF6680B8DD8DFDD3F9526C3FDD6FCAA4F2E5FEFF00FE3F4BB24F5FFC7E80B911523B1FC69C11472CD9F614F2921EA01FAB52796FFDD1FF007D500372AA3E5500FEB4024F524D367290A1799D57D01EF54A5D562191047BBD0B74A2C17347693C8A8A5BCB7807CF26E6F45AC49EF6E263F3C9C7A0E2AB17C77A7611AF36AD23711208C7AF7AB9E1B9DE68EE03B162AE393F4AE715F26B67C1CFBCDEFB3AFF002345B403C77F693FDA02F7E10F8CF4FD06DFC3716AE97F622EFCC7B83194F9D9368014E7EE67F1AF388BF6D5B903F7BF0FF3FEEDF8FF00E22B9FFF0082897FC95CF0D7FD813FF6BC95F395203EB58FF6D787FE5A7C3EB9FF0080DFAFFF00115327EDAFA61FBFE00D407D2F50FF00ECB5F2163934605007D891FEDABA0FFCB4F026AC3E97319FE952AFEDA9E163F7FC15AD8FF76488FF00515F1B607A52607A5007DA29FB6978249F9FC21E225FA084FF00ECF5327ED9DF0F8FDFF0BF8997E90C27FF006A57C5181E946D1E82803EDE8FF6CAF8687EFE83E274FF00B7588FFED5AB11FED8DF0A9BEFE9BE254FAD9467FF006A57C2E5573F7451B57FBA29DC0FBC62FDAF7E11BFDE4D7E3FF7AC3FC18D594FDAD7E0DB0E6FB554FF007B4E93FA66BE05D8BFDD149E5A7F7452B81FA051FED59F05DFAEB57C9FEF69F37FF1353A7ED47F05987FC8C932FD6CA61FFB257E7B7969FDD147951FF7453B81FA209FB4D7C177191E2A0BF5B6947FECB53A7ED21F065FA78BEDC1F78E41FCD6BF39FCA8FF00B828F263FEE8A2E07E9027ED0BF071C71E34B11F5DC3FA54C9F1F3E103F4F1BE983EAF8FE95F9AE608FF00B8290DBC7FDC145C0FD2F4F8E5F08DFA78E749FC67C5584F8CFF000A5FEEF8E746FC6E97FC6BF31FECF17F74527D9A2FEE0A2E07EA047F16BE18498D9E38D0CFFDBE47FE356A3F895F0EA5E13C6BA17E37F10FFD9ABF2D7ECB0FF70506D61FEE8A00FD538BC75E0694E23F17E86FF4BF88FF00ECD5662F14785E5FF55E21D31FFDDBA43FC8D7E51FD8E1C7DDA4FB143D850173F5A23D5B4797FD5EA76AFF00EEC80D4CB7568DF72EE26FA1CD7E487D8D072091F8D3D6DCAF2B34ABF473405CFD6F13407FE5E129DBA3ED3257E4A23DE20F9350BB51ED330FEB4F92FF00558E26FF0089CEA217FEBE5FFC680B9FAD127CA4720E4678A6EEF7AF1CFD8CF4DD534EFD9F34ABAD62EEEAE27D4E696F2217121731C45B6A019E8085DDFF0002AF5ECD0049249B2277FEE827F2AAF67750FD9221F688C9DA33F30EB55F5C9CC3A4CE41C1652A3F2AA9632436FA31BA9B02182132C8719C2A8C93F90A7603645CC5FF003D57F3A5F3D0F22453F8D717A27C43F01EB3646F20D72D6D972479777FB97E0039C3751823A56AA6BFE149A448A3D734B795F684413A65B70CAE3EA3914580E804C98FF58BF9D0251FDF15CFB6BBE175098D674E72E4055495598E5B6F41CF5ABD00B3B98966B6786785865648C8653F4228034FCC07F887E74A1FFDAACE16F17F7131F4A4FB3C390760E68199BE2494BEA71A16F955471F8D5646C2D26B4153510AA30302A2DE029FA9A64936FA6B3D431333FCAA0B1F402ADA59B05F32E5D6041D73D680B95C49838ADCF0236EFED0FF00AE8BFC8D647F685BDBF1630EF6E9E6BF7AD4F87DF77503EB2AFF002349EC08F903FE0A25FF002573C35FF604FF00DAF257CE46BE8DFF0082897FC95CF0D7FD813FF6BC95F389EA2A4620FAD07F5A53D38A3DE80128A7A43239F94673CD38DB4E0FDCA008A8A90C138FE03486297FE79B500467AD14F3149FDC6FCA9BE5C9FDC3F950025141571FC0DF95186FEE9FCA800A28C37F74FE549CFA1A005A2939F4A33ED400B4D279A5278A280128E68C8A0118EB4000E68340E2818EF400BDF140A4A33DFD7B50029A43C0A5C8A3AD0003A511DA4FA8DEDAE996ABBAE2EE748225F5666007EA4515E8DFB2E685FF00091FED11E12B331EF86D2E5AFA638E15614320CFB16551F8D007E89E87A5C3A0F86748D06DC28874DB186D502F4C468147F2AB20F34FBA70D331ED9A881C9C669A198BE2B9BE4110E81093F5C53B4E896E74A5B6953CC8A6876489FDE523047E55435F93CC9266CE460815A7A11C59443FE997F4AA7B1270F7B77F00E6BDB55B9F1078523B9D29560862FED248C43E59380577019049EBCD545D37F67D7904CBE20F0E93953FF218520EDE40FBFD07B63AD7C1FAB32597C40D4EF5214924875699D51D72AC44AC791DC5755A8F8B935016EB71E18D13CB80B48152D82EF72FBF7311CF04F00103A761CCABB0D0FB29FC29F026F930FAD6873E6412963ABA92EC010327774C3118AEBF4E9FC156FA10D12D7C55A63D9AF42DAA2349D73F7B766BF33EFF004C866BB9EEC95884AE5FCB44C2AE4F41ED5BB7FF000C357D3F437D625BDD3F6C50477135AA4E0DC431484047641D01DCBDFBD6752BD3A4D29CAD7D8D29D29CD37157B1FA3090F85DE28E28BC49684468114AEA284E067AF3CF5AD1D36D2DED55DAD6EDAEA294860E64DEA31C706BF2B2FAC9ADA307CE73B81C618F15FA09FB1C33BFECDDE1DDF2339596E4658E4E3CF7E2B5211DC6BE47F698FA0AAA3E76084E0160335635FF00F90A2F1D85558F0655FF007A98996BEDF1C20C7630AAE38DE6A94EF24CFBA6919CFB9A6C5F7697B8A0420E0D74DF0F7FD5DF9F5917F91AE68F5AE9BE1EFF00ABBEFF00AE8BFC8D0F61A3E3FF00F828971F16FC35FF00604FFDAF257CE27A8AFA3BFE0A27FF00256BC33FF604FF00DAF257CE07D6A062AFA507A520FBD413D6802E5A755FF76AD9AA967F797E956CF5A0043D29A69C7A534FAD0034E69B4E20E7914DC7A67F2A004348694E7D28A006E683F4A4A5A006F1938148473C814A7039A43CF4A0042063A0A6E17D0538FA52739A00303FBA290AA9FE114BFCE8CD0037627F7051B13FBA29D450037CB4FEE8A4F2D3FBA29F450046D1A04381508AB2FF0071BE955874A005AFA47FE09E3A49B9F891E26D74C794B1D31605723A348E0E3EB8435F3616E0F1DABED4FF0082786962DFE15F8935A65C3DFEB1E4EEF548A2523F591A803E8E23249EB4AE0450BCADD114B7E952C6B93C8A835C711E972007EF90A2A80E46FF003E4393CE735B1A17FC79C43FE990FE55937BCDAB7D0D6968D204B28491906203F4A6C48FCCEF15023C61AC9C67FE26771C7FDB46AB73C968932A4178972A5149700A8048C9183E9D335F495F7EC89AC4FE24B9D7ACFC79649E75E35E4714B60C7665CB05387E7D2B5357FD9D3C7BA869971A73F88BC22CB711B234CDA738906EEAC0E4E0FD2A56E3BE963E519A78C292ACA71FE7A57A3F8BC68D69A36B9AA5A78A2DEF9753B6B2B6B2B78EE4492BA214DC255C6405D9C0AF648BF67EF8816D0C71097C0D74A8811BCEB593F7981824E4704F3F4C9C5731E15FD977E22F86BC4675B59FC21AC6525536B79BCC5FBC04676EDEA3391E95CD88C37B79C5DED6E9DFAFE86D46B7B38C95AF73E6DD6983471ED39DA083FA57DEBFB191CFECDFA08F49EE7FF47BD788F8DBF666F89FAF9B06B6B3F0969DF62B45B622D2E197ED047FCB47CA0CB1F5AFA33F676F086AFF000FFE10E99E13D7DA06D4ADA599E4F21F7A00F233000F7E08AEA303735F3FF1345FA0AA50FF00AD1F535735FF00F90A0FF7455383993F134C18D4A5EA6913B528EF40843D6BA6F87BFEAAFBFDF5FE46B9863CD74FF0F398AF4FFB6BFC8D0F61A3E41FF8289FFC95AF0CFF00D814FF00E8E92BE6F3DABE90FF008289FF00C959F0C9FF00A829FF00D1F257CE07D2A062521EF4BDE8340172CFAAFF00BB570D53B4E587D2AD9A004A69E9F87F4A71E94DC71400849F5A4C9F5A53C1A43D680006909A3B52500264E690934A79A4340013484F4A5A4F4A004E3D3B507181C0A08A43D33ED40087D7814BF2FA0A0D1400800F414607A0A3A002949C5002607A537A714F1CD33B9A0047FF0056DF4AAA3A1AB4FF0074D551C0E9400D99B6C2CDE82BF42BF631D29B49FD9C34032280F7D2CF787DC34AC14FFDF2A2BF3CAF4E2D988F4AFD39F81B6834EF81FE0BB4030174881B1FEF286FEB4203B50D8E6B2FC4326608907F7B3FA55C2D8ACAD71F74B1AFA026A9019379FF001ECDFEE9FE557B4A60B6501F441FCAA8DE7FA86FA55CD33FE3C20FF717F953623224F0F5EC9AD1D4E3D57518CACC65112B8D849EDF7BA7B56CC50DEC5B42CD74795DEDB54BB601CE7E6C727DAAFC196C629D0CCB2CD344818342C15F2303240231F81A43112E88500C170481D4A8C9FCA9C2F30798AE07FC00D48CCB1A977076A8C938ED58B6D713496F105F1169C64DC18B9299619E98E31C62969D46937B2358DE8EBB271FF6CDAA44904A038CF3D370E6B3D1AEFCE95BFB5B4C7467531AEF5F957F8875EFCD5F52AD86460C8795607208F5145D034D6E73FE20FF0090AAFF00BA2A95B1CCBFF7D7F5AB7E213FF13551FEC8AA56A7F787FE05FD6ABA1208781F4A5CD3579C53BB9A0431BAD751F0EBFD4DEFFBEBFD6B967AEA3E1CFF00A9BEFF007D3F91A1EC347C89FF000513FF0092B1E18FFB029FFD1CF5F371EB9AFA47FE0A29FF00255BC31FF6053FFA39EBE6EA818507A5141E94016ECFAAFD2AEF6AA567D47D2AE76A004269BD1694F5A3B50035BAD358D2B50706801A683EB4A7A521E940094518A4E9D6800A4A7537BD0021E79F6A43D314BFE141A004A0D2D20F7F5A0008A08C9A28A0000C530FDE34FA67734008FF0070FD2AAE322AD3FDC3F4AAC3A50057D438B635FAABE13B7FB0F81FC3D658C791A5DB4647B889457E555F2974541D59801F8D7EB3DC288628210302389540F4C0029A02266C9ACAD51B3758F415A44F3595A81FF4A3F414D09946F3FD437D0D5CD33074FB7FF70554BBFF0050DF4356B4BE74EB738EB18E2A989195AE0F17B788B3A2CB1A69BF6529B58A0CCC7A373C8C7E39FE57629FC4293444C2CEAB0159018154CB364E0921B23EE8E7A7CDD29754F0D693AC5E2DDDF2CFE6A8014C72951C67191F89A75E7856C6F0209AFB5050ADBFE49B04939EF8F43FA526343F469B5D93C3B78FAFC51437AA19879438008CE300F3B7819EF5C6E8FA86829A2C7A79F0C2CD1C91E5EFFCD01837724EDF9483C633CD7A05969C965A3BE9904D2C91796522133EE2BC1EA7A9AF318FC0BE2DB7915E18AD9823640138C13F8E2B9EAA7D11DD8474ECD4DD8CD9ECA61096913319CED6C83F4E9F87E75EADE0539F04E8BE9F638FFF004115C47F61F8D2385E25D26DC8752A71347C673F4F535DF7862CA5D2FC37A669970CAD3DB5B247295391B8000E3F1A2945AB8632AC67CB6333C45FF2165FA0FE754ACFFD61FC6AEF887FE42C3FDD1546D3FD61FF00817F5AE9470B153B0A338269ABDA86EB408473915D4FC38FF517BFEFAFF5AE55BA1FA5753F0DFF00D45EFF00BE9FC8D296C347C8BFF05141FF001757C31FF6063FFA39EBE6EAFA4BFE0A2BFF002553C2FF00F6066FFD1CF5F36F7A8187341A33CD06802DDA755FA55B1552CFAAFD2AD8A0046A4FE1A534D27E514008690D29EF487A5000BDE90F7A50283C64D003475341EB40EA68A00292969314009CD21A527B51400DA2948C9A31EF4009477CD145002D30FDE34EA61FBEDF5A0047FBA7E955874AB2DF74FD2AB2FDDA006300D756C3D664FF00D0857EB26A87FD24E3802BF2665212681FFBB2A9FD457EB1EA8733EE1D08CD3405427AD665F906E9AB49B815997DFF001F2DF4AA42654BBFF52DF43FCAAD6947FE25D6DFF5CC553BACF907E86ADE95FF0020DB7FF7053624695BAEE3C103D292C6E279F50BCB66B6F2A2B72A2394E479848258723B71C8CF7AE67C73A07F6CFD86F5F536D3ADEC19DA420B00FBB039DA463159BA96966FF45BA67F19AC16D74CB2C2D166250C18E7E65C374C0C679E695867A13E515CE07CA3273D2B9AB5F1D6837112C8649D09E31B38AD4D16CEE2C3C2B6F617574D777114055A7672C64EBC963C9EBDEB86F8276D617379A9437D15BCA42A9459803DF9C66B484572B6CC2AD492924BA9D77FC261A008CBBDE4A1402788893F856AE9D750EA16305FDA92D6F71189232460953C8C8ED5C17C458B4BB6F102DBD9C70C6E2205D22002E31DF1C66BADF0415FF843B4729F74DA263E98A271492921D29B949A7D0A7E223FF13618FEE8AA3687F7A7FE05FD6AE7887FE42C3FDD1546CBFD730F76A846CC33D2909A1B8A6934C42935D4FC36FF00517DFEFA7F235CA1AEABE1AFFA8BEFF793F91A97B0D1F24FFC1457FE4A8F85CFFD41DBFF0047357CD83B57D27FF0516FF929FE16FF00B03B7FE8E6AF9B2A0629A43D28A0F4A00B767D57E86ADE4553B3EDF4AB7400869BDBFCFAD38D2632B40087AD21A500F4A083F950014DEE697BF141A0068EB467814E3D69A578A004A28C1E7E940E98A0043EB4529A4A00290F4A1864518340094503A9A5CE2801298DF7CD499A8C8F9CD00237DD3F4AA8338EB56DBEE9FA5541D3140106A19FB3EE1D41CD7EAEA4E2EF4FB2BB5FBB3DB4720FF81283FD6BF28EF866D5BDABF50FC0375F6EF86DE16BCDC18CBA45AB67FED92D3406B1359B7FC5C1F702B40F5AA1A8AE2E01F6A684F628DC9FDCB7D0D5BD2B8D3EDC633F20AA773FEA9BE86AE699FF0020F83FDC14D8916967B570D14B2C4E0F0CAC452BDB68D2C623960B478D4101481B403D78E9DA88E6854E25C206708991F7988CE29EF7362A3F7B240073D48CF1D78FC0D2634586921785A3F39006180430E2B879FE1A594AE5E1D6A54E7B28E33DBAD7641EC24B86B411472CA910959027F0B642F6EF83503B786C3C8925D694B243C4CA59418BD9BD3B7E7551938ECC99538CB7471EBF0BCA3164D79C31FE23164FEA6BB7D1ACA2D2F49B3D2E16678ED625895DBAB0518C9FAD3E2D3B4F950490A5BF96C32AEA7008EC723B53ED842225FB390D175520E41FC6894DCB708538C3E1473FE24FF90B0FF74550B1FF005C7EA6AF7890FF00C4D97FDD1FCEA8589FDE9FC685B14C09A68A01A6B1C74EB4C439BBF35D57C34FF537DFEF27F235C9B77AEB3E1A9FDD5F0FF693F91A996C347C95FF000517FF00929DE15FFB043FFE8E6AF9AEBE94FF00828BFF00C94DF0AFFD825FFF0047357CD75030A0F4A283D2802D5A1C15FA55A279AA96CC17693C7153F9B1FF007A801E4F7A4E739A4DE87F88526F4FEF5002E79A4FC68247A8A4C8F5A005E7D6909268C8F5A28010938A371A0F4A4A00327D69371069690D00193416229290D002EE3E946E3E949487A500296239A37FFB34DEF45003B77B521E589A4A28011BEE9FA555519E6AD37DD3F4AAABC0140115D0CDBB0AFD20FD9EAFD753F805E0CBB56DC574E585BD9909523F4AFCE4700A30F515F73FEC3BA8FDBBF67C8AD4B64E9DAA5CDB9F6076C83FF4653407B41EB54F521CA37B11570FAD56D487EE54FA1A681EC655CF3137D0D5CD33FE41F07FB82A9DC9FDD37D2AE699FF0020F83FDC154C9457D79A492CDADA1B16B897CC5752F1B3478EE723DBF9D64DFA6B1216FB2E9D64E58827CE4946719014FAA8048DBD3935D15C6A76BA7B0376D2057CED2A8580C63D3DD854906BFA3C823FF4F44F302B26F0416070463F954B28669D207F115E5FA4720856D2242C63206E05C903239EB5C4EBBA4D84F7FAB3C5A52C91EA7231B993ED054C8A154AF19E32C08FC2BBD87524B9D5E6B0B711C91C76C932CCADBB7166618FC02D249E22D022678E6D4618DE3731C9BDB1870092A78EBEDEF408C7B26B7B7B2B5B78750862B5B78E15086EF1B11130411F971DEB63C3A7768766CBD0C408FA55D49AC27DC11D64D99DCA1949E319A874EBB4BFB286F6252B1CA372A9EA0503307C4BC6AEBF41FCEA8D97FAD3F8D5EF129FF89BAFFBA2A8D8F339FA9FEB5484C6F7148DD7349E9448CA885DD82A28C927B53101E73F4AEB3E19F315F9FF006D3F91AE0B74FAACAB0DB074B627861F7A53E82BBDF869C477EBD0ABA023D3835321A3E4CFF828BFFC94BF0AFF00D825FF00F471AF9AABE96FF828C7FC94AF09FBE9527FE8D35F34D40C28A28A0028A28A00420FAD29271D4D2138A0FD0D00265BD4FE74BB9B1F78D149400EDEFEB46F7F5A4A2801448E3BD2F98FEB4DA2801DE6C9EB479AFEB4DA2801FE749EB419DCF514CA2801FE6B7A51E71F4A6521A00904DCF4A5F387A543D0D07DF9A00984C3D297CE5F4A840A302802632AE2ABFF005A53D6839A000F3C57D61FF04F3D601D37C65E1976E52682FE25CFF7818DF8FC12BE4F039AF6BFD8835C4D27E3DC5A64ACC23D6EC27B5503A798ABE6AE7F0461F5228407DC9DEA2BC5DD6AE3D066A6906D908F7A4C0652A7B8AA0673F71FEACFD2AF69BC5841C670A2A95D2908CA7A8CD5ED33FE3CE11FEC8AA6492BC6ECEC8C2CE58CE08598723FCE28934CB79D1525D374E911061369C607B607158DAEDC3E9DA7EAFAA41A6C5A8DCC32C2AB14885BE53B41E809E0127F0AA9AC6BF65A778674CD64F870DCBDF3B2B5BC6A418C293F31F4E0679A8B9A5923A4D234A7D32EE59ADA38A0B730AC56F12B93821998924F6CB76AA777A158DE4D24D75E1E47795FCC7FDFE72D8C6EC74CE38CF1C556D12595BC63ADD9A3C8B66BA55ACF0404F1133EF2C47A6703F2AE0A5F88DAF59BDCC525EC932DB15C3238618248E495E318F7EA2BCFC6E630C1B4A516EFD8E9A38475AFCB2D8F44B8D16DA59D2ED74BBB86E236571E54CA37B29380C33C8E4FE7F4AD4F0FDBCD67A259DADC80268A30AE07635E64DF117558BCA56BD943C876FEF2D4615B1D0F1CFA64715E9BA04F2DD68B657570434D344ACE718E4FB0A781CC69E31BE48B56EE2C4E12587B393BDCC6F12F1AB28FF607F3AA5A7FFAF3F56FEB577C4DFF002174FF00707F3ACE81FCA0D200588CE07A9AF491C632E668ADE1696670A17B773540A4D7EC24B95315B0E521EEDEE69F15BC92482E6F583C80FC89D92AD31CF5A606B7843CA4D504AC14794B9418E05751E12685F55D61E0002B491938F5C366B81175259C6F3478DDB7183DEBBAF87DA75DD9584F3DDAEC6B9656553F7B001E4FA673512291F227FC1474B27C42F0A4C6362834B9016038FF005A6BE6017B07F7ABF5A75B95639C24D0433C6EB90248C37D4562DD69BE1ABB07ED7E18D0E71DC49631BE7F314AC07E590BB80FF18A517309FE315FA7373E0BF871743FD23E1DF85243EA74A833FF00A0D665C7C2AF841719137C35F0E8CFF72D553F9014580FCDB13C47F8C5289633FC42BF44AE3E077C10B8043FC3DB043EB14D2AFF0026159377FB36FC0EBACFFC535776D9E9E4DFCA31F99A2C07C061D0F7068DCA7B8FCEBEE9B8FD953E0C4A0F95FF000915B93FDDBFCE3F35359B71FB21FC2D933E47887C4D00F43346DFCD29580F8A723D451915F62DC7EC6FE087CFD9BC79AE43E9BE08DBF90159B73FB17698D9FB2FC51B84F412E921BF5128A2C07C994B5F4F5DFEC5FAB2FF00C797C4BD365FFAEBA7347FCA46ACEB8FD8DBC7299FB378D3C3737FBDE6A9FF00D04D007CE5457BF5C7EC83F14509F2358F0E4FF4B9719FCD6B3E6FD933E32A731C3A14FF00EEDF81FCC500788D15EB577FB327C6FB6CEDF0C5B5C63BC5A84273F9B0AC9BBF807F1B2D41327C3ED41C0FF9E534327FE82E6803CEE8AEC67F845F1760FF0059F0DBC4A71FDCB177FE40D67DCFC3DF8936D9F3FE1EF8A531D7FE25537FF13401CE920507A5685CF873C596D9373E12D76103A9934F957F9AD509A0D42107CED2EFA2FF007A061FD2801BCE79A063BD40D7013878E44FF7948A4FB5C3DCD0059C8E945571770F4DD4BF6987FBE280261CF5A2A3F3A2FEF8FCE97CC8FF00BC2801E3AD6BF8175E6F0AF8FF00C3DE265381A76A114EFF00EE061B87FDF39AC6DE878DC2A3B8D8F032EE1D3D6803F566E1E294A5C40C1E1994491B7AA91907F2A8C75AF3EFD9BBC523C61F02BC35A93BEFBBB3B71A7DD64E49921F9031F72A15BF1AEFC7D698191AAA6C99C766E4558D37FE3D22FF007451ADA6615947F0F069DA42E6DA11FEC8AAE82EA13E8A67BB7BCB7D5350B19240048B6EE0292075C153DA98345D515898FC57A9827FBD1C2DFCD2A7D5DF538C29B28CB4600C08C02E4F7073D0607EB55FFB4B514552F65784B024F0A7B03E9EF4AC57331748D024B2D4751D4AE756B8BEBCBF8520691E34411AA6EDB80800FE227F2AC13F0FFA635189C29C8DD6FD0FE75D13EB325B80D71A75C9C8C80AB93D071FAD36E756BA5B848A0B70034025C49D54F520F3D715CB88C1D1C4DBDAC6F635A788AB4BE07639B9FC077CFCAEA16ACE01085A3618CFE35D868F6AD63A4DA593387682208580C0245543AE431E5A785FCB24042ABC8E4F51DB819AD600F19FD6961B03430CDBA51B5F70AD88A95BF88EE733E26FF90BA7FB83F9D41A369EFA8DDFD983F96A7259BD3D2A6F13FF00C8590FFB23F9D4BA05D25A34F21009E9CD76F430EA655C46F0CEF0C830E84AB0A89C851D324F000EF535EDC7DAEF65B8452C657C205192DF4AECBC25E1A169B6FF005050F72798E33D22FF00ECBF9526EC041E11F0CF965351D4D332758A02384F73EFEDDABB0A28A81915CDB4172A1678D5C0E99ED551B46D3CF48997E8E7FC6B428A00CB6D0ECFF85A65FF008166A36D062FE1B9947D4035B1450060BE812E7E4BD18FF6A3FF00EBD7887C65F8F9E1DF855E363E12D5F42D5B51B85B74B86B8B7D8A987CE000C79C63AD7D1B55750D374ED4555750D3ED2F157EE89E15900FA6450078A7C13F8BBA2FC61BDD42CFC33A46AF60DA6C492DC4B7C8822F9890AA1919BE6E09C1C700D7A69D2B541FC087E8E2BA4B6820B68560B6863862518548D42A8FA015250072C74FD5147FA83F8303FD6A27B3D507FCBA49F860FF005AEBA8A00E39ADB511D6CE7FC169863BD5EB6B723FED99AED28A77038769664FBF1CCBF5534D17841C0918577541008C100D1703881A84AA7895FF00EFA34E5D52E17A5C38FF00811AEC5A085BEF4319FAA8A6B5A5A375B684FF00C0051703931AC5DF6B96FCE9E35ABBFF009EE6BA47D334F6FBD670FF00DF351B68FA6375B44FC3228B818435CBB1FF002D87FDF22924D624906264825FF7E306B69B41D2CFFCB023E8E6A33E1DD34F45947D24345C0E7A56D2A739B8D0B499BFDFB443FD2A94FA4784673FBFF06787A4FAE9F1FF0085754DE19B03D25B95FA38FF000A8DFC2D6A4FC977723EBB4FF4A77407173F83BE1C5C67ED1F0F7C34DFF6E11FF85509FE18FC20B8C99BE1A7878E7A95B60BFA8AEFCF8587F0DFBFE318FF001A8DBC2F367E5BF1F8A51A01E653FC11F819739F37E1D5A2E7FE795DCE9FFA0B8ACDB8FD9D7E034D9DBE0FBCB7FF00AE7AA5C9FF00D0A435EB87C33783EEDE447EA0D46FE1CD4C7DDB881BF123FA51A01E3137ECC5F03E5FB963AF41FEE6A0C7F9E6A8DC7ECA7F07A507C9D47C4B6FFF006F2AD8FCD6BDC5B40D5D7A2C0DF493FC4546746D687FCBA03F4957FC68D00E5BE177813C3DF0C7C372F877C2F3DF5C5ACD706E6696F1C33B39007180001851C015D479E7DA9A74BD617FE5C1FF000653FD698D63AAAF5D3E7FC173FCA8D007DCBACB6EE8C3A8C54DA4C4B15AC6B2BC61828FE31546482FD3EFD95CA8FF00AE66A0DF2AA80F04C3FE006988E95597B32FE0C3FC69F827A71F4C572A2719C36547B82315323A3F31DC44DFEEB834AC173A4DAE3F84D46D1EE1864CFD466B9B7BA09214F34E475C1A72DF301C4EDFF7D5160B9D098D30418D704E4E57AD1DF39AC15D4661D2E1FF00EFAA7AEA971DAE18D0172978A78D5947A20FE759376259185BC1BCC9249B422756E7A55BD52E1EEF588A25CDC5DCAA0246A324D773E15F0FC7A647F6AB901EFE41976EA23CFF000AFF008D36EC808BC29E1B4D3956EEF555EEF1F281CAC43D07BFBD7494515030A28A2800A28A2800A28A2800A28A2800A28A2800A28A2800A28A2800A28A2800A28A2800A28A2800A28A2800A28A2800A28A2800A28A2800A28A2800A28A2800A28A28033BC4FA443AF786F53D0E7965822D46D25B57962203A0742A594FA8CE47BD7CA0BFB144F15C66DFE2CDE45006E106927701E9913819F7C7E15F6051401CE7803C2161E11F04E93E168669750874EB71089EEC06924E4924FE24F1D8715B2DA6E9CDF7AC2D4FD615FF000AB54500526D234A6EBA6D9FE10A8FE9519D0B4827FE41F07FDF35A3450054B1D334FB17692D2CA0864718674401987B9EA6ADD145001451450014514500145145001451450014514500145145001451450014514500145145001451450014514500145145001451450014514500145145001451450014514500145145001451450014514500145145001451450014514500145145001451450014514500145145001451450014514500145145001451450014514500145145001451450014514500145145001451450014514500145145001451450014514500145145001451450014514500145145001451450014514500145145001451450014514500145145001451450014514500145145001451450014514500145145001451450014514500145145001451450014514500145145001451450014514500145145001451450014514500145145001451450014514500145145001451450014514500145145001451450014514500145145001451450014514500145145001451450014514500145145001451450014514500145145001451450014514500145145007FFFD9',X'',X'',NULL),('0003','炊飯器マイコン式',100,7000,NULL,NULL,NULL,'0002'),('0004','電気ケトル1.2L',100,5000,NULL,NULL,NULL,'0002'),('0005','焼肉グリルやきまる',100,8000,NULL,NULL,NULL,'0002'),('0006','オーストラリア産牛もも（1kg）',100,2000,NULL,NULL,NULL,'0002'),('0007','おまかせ野菜＆果物セット',100,3000,NULL,NULL,NULL,'0002'),('0008','レッドチェダー約1kg',100,4500,NULL,NULL,NULL,'0002'),('0009','塩ふき昆布',100,1000,NULL,NULL,NULL,'0002'),('0010','伯方の塩',100,400,NULL,NULL,NULL,'0002'),('0011','純米ひやおろし',100,1400,NULL,NULL,NULL,'0002'),('0012','秋あがり',100,1300,NULL,NULL,NULL,'0002'),('0013','こんにちは料理酒',100,1300,NULL,NULL,NULL,'0002'),('0014','発泡にごり酒',100,1700,NULL,NULL,NULL,'0002'),('0015','南部美人',100,3000,NULL,NULL,NULL,'0002'),('0016','タントカスタム',100,1600000,NULL,NULL,NULL,'0004'),('0017','ヴェルファイア',100,3300000,NULL,NULL,NULL,'0004'),('0018','FJクルーザー',100,4000000,NULL,NULL,NULL,'0004'),('0019','ムーヴパイオニア製',100,1200000,NULL,NULL,NULL,'0004'),('0020','キャストスポーツ',100,1700000,NULL,NULL,NULL,'0004'),('0021','ナインタイル',100,4000,NULL,NULL,NULL,NULL),('0022','ブロックス',100,2000,NULL,NULL,NULL,NULL),('0023','カタン　スタンダード',100,3000,NULL,NULL,NULL,NULL),('0024','ダンジョンオブマンダム',100,2500,NULL,NULL,NULL,NULL),('0025','ワイナリーの四季',100,6500,NULL,NULL,NULL,NULL),('0026','アネロン',100,2500,NULL,NULL,NULL,NULL),('0027','命の母ホワイト',100,6000,NULL,NULL,NULL,NULL),('0028','イブクイック',100,700,NULL,NULL,NULL,NULL),('0029','バファリンプレミアム',100,1300,NULL,NULL,NULL,NULL),('0030','パブロンゴールドA',100,1400,NULL,NULL,NULL,NULL),('0031','ゲーミングPC',100,135000,NULL,NULL,NULL,NULL),('0032','Dellノートパソコン',100,240000,NULL,NULL,NULL,NULL),('0033','Dellデスクトップパソコン',100,130000,NULL,NULL,NULL,NULL),('0034','AceｒPredator',100,240000,NULL,NULL,NULL,NULL),('0035','ALIENWARE',100,600000,NULL,NULL,NULL,NULL),('0036','ティファール鍋９点セット',100,3000,NULL,NULL,NULL,NULL),('0037','マイヤーグルメセット',100,12000,NULL,NULL,NULL,NULL),('0038','チタンコーティング包丁セット',100,4000,NULL,NULL,NULL,NULL),('0039','おしゃれなスライス石',100,800,NULL,NULL,NULL,NULL),('0040','マーベルカレー皿セット',100,3000,NULL,NULL,NULL,NULL),('0041','日本の給料＆職業図鑑',100,1100,NULL,NULL,NULL,'0009'),('0042','道は開ける　文庫版',100,800,X'FFD8FFE000104A46494600010100000100010000FFDB00840009060713131215131212161515171517161617181818151617151517161615161517181D2820181A251D151522312125292B2E2E2E171F3338332D37282D2E2B010A0A0A0E0D0E171010152B1D15192B2B2D2D2D2B2B2B2D2D2D2B2D2B2D372D2B2D2D2D2B2B2D2D372B2B2D2D2B2D372D372D2B2B2D2B2B2B2D2B2B2B2B2B2D2BFFC000110800E100E103012200021101031101FFC4001B00000105010100000000000000000000000400010203050607FFC4003D10000103020404030506060104030000000100021103210412314105516171132281063291A1B1144252C1D1F015236272E1F182073392A24353B2FFC400190100030101010000000000000000000000000102030405FFC400221101010101000202010501000000000000000111021221033113041441516181FFDA000C03010002110311003F00F4994A52849763129493248C248B932609201D294C9201424124900E5304E90481A14C312015AC4043C2485344B4272C53A611D4D3644606734DE123C86032D4884678499F491E430284F0A4E694C13D068494DAC5234920AE52CCA7E1A673101025465394C80529D34A74028492949511A13C2413809E9A39536556249692B84C42B61472A34210942784C9822532784B2A024C2AC055329C392A0482AF6BD08D2AD0545870487A94A1B3242AA8C312541CAB155273D0667049AC9515631C9858DA4AC0D500F4F9D2345C02A2A2B5C55151385543828277A84AB4A509D42524C8E0A4A329E5592529E5569C1404C393E65094D9918356E64B3AAB3259918356CA8950053E6460D4C2454414B329BCD3D390A30A529D21A882AC0F502140B5186BF3A62E544A45E8C2D59E227155525C9B327E234507A907A1D854C15162A55E1DC94C39500A7CCA54B8B95751473244A655438A8AB1CA9215C4549326CDD52578472929E544329084F642092991A70AAA7D0212F2879544A892AFF0D3786AA5858A144A27228E44692A6B4952CA42B9A15A14DEF15390D94A89279228909013122C77D0DACB3FCD355F8C2F88978AA588A61A0B8DC004BA3603FD21AA388A66AD319C06E66FF576F457F9392F0E97F88A61EA8A9877013B6C7F24D56939A46A645BE13655BCDFE53EE7DAF9512860F4DE214FC0BC963DD0AB355226540C2B9137A5EDACAC65742E6090295E21CE87F8A9BC641950F114FE23F3680A89CD440B6B291AAA6FC6AF210F7A1DEF291A89E414E73856AA9292B2C92BDFF09AED00AB98C0816B95ECA9D572D6B06C24EA72A14CD958149E07753843540B40854D5A6AF9E8AC032A32A6F54D53360E6B4F5B5F6F4855DFC9399B5338B52353AFFB5557C4E560711F7AF702C74286C6F156D3229B8B331205ED9493133C964F16A9E287B5F4E5B218E8F780D8380D5B3BAE3F93E5F2FA74F1F18FE398814A9BCB8D9C20106209BB0CEC65636378E5602A50AA1D4CFD9DD95E41BBA3507730ABC2F04736A80D739D8723296BFCCDCBA6533C8E8B45D8682DA4E74B58632B8C9691766426FAC08E4B2BFEB5F18AF0DC7F360E9D67BE2A18823F140DB704C841E2AA622957C3E1E8921AECCF8D8E62737C392CDE2CEA187146AD282CA7887D3A94DDF75AE222DAD8FD11781F69271ECC3D9E33D8B879A9B08930797EA90CFE9B98AC4BE90AD54549631EE0E6F22D804808EC271673DAC753682C2CFF00C0E994F52BCDF8862DCCC5D4A2F96B2AD5787DED943839AE076F2D968F06E22EAD4DD4E890C65334836F724B9AE249E605D54B615E77EDE89518D1A8B86CC0FE912552CAD4DE3CBC8389D803FB2B06871C753702733A03DD6D086BB239BDC6BD91914AA550D2E3E26592D063C8E32DCC3A05ACF9FA8CAFC51A0F6C2ADCD09B13C528B4B29B9C3339D945F5EB1C8225B4079858DE2779E4BAF8FD4CBF6E7EFE0B02984C4AB450F827F05754B2B0CAA547C345370EA668A728C0418A61A89F0538624302B42900890CE4AEA7853C94DEA43934065496AFD80A753E7C9F8D079958C2875635CB2B1ACA3A9D4560AA806B9580AC6C58F6D551C457CAD26262F6D7D10A1C85C4621BF7A637E5DD4F57C55CCD46BE21AE208061D11EBA183BA02B620879F103808009B653CC8954F1006BB086466176BAFE198E6E1A15CB3F0D5EA3E3192E682416B1CE6BD8D9D45FCE22FCD72F5D5B5B4E60DE35C2CB6BB310C399F1769199B51BCDB3BC6A87E35C6B18D735F429E76D9AF03A7DD74DC48FC968605CC27CAE2FA6CB87B1C49691F75ED26D6E9BAB9EEA82BB982A537D27B61CD0432AF3691A17036D06C92D8DEC8FB4E48AF45C1E1EC73EAD36BAC4B0CE6A57D48BDBA217DA0C08C5B062A8D62D7369B4D4024CE5D1CE02F205A75B23B8F627353FE506D3C5D28739AF6869A8DFE92E893F55CFE0B11886E240134EA3DA7C27810D738827C3AA3412645C6A9FD989F681AFAA0D4A8D07C3A4C73DC357D223FF0092352DE7CA117C57D9CB3EA53A9FCFF099E19FC4DD5A41DED63D96561BDA3AF52A5560A21B886882D88195A21D4DCD368D7E4BACE0AFA55E8615EDB7D9C0813A5A4B1DEA611A4C4A948D4A384A8E6CB9B26B0D73B4C2DAE17C05B87A52C6DC3C483CC1F7BE2AB1C698DC2E67303981CF766883E1E6718B6F30164FB49ED1B9D5F04EA2EF256349EF00EE089079584A9DB42FA345CDE26F638914CD396DC82E3065D3CDC754F5FC7AAD388A4E0DAA1A1B59CDFBC048CA39445FB2D0E318CA62A9C5541E5634B845C934CB8816D88015980F68195039B4D92EF10BAA362F91CD04DB9DE3E29864E0312F77D9659FCD65378CE7EF4BA0992BA17E3E9B312067065BE407DD86B9D2E3CFFC258D75034603C34786E6B20DEE2411F0F8AE3BDA0C65373705E27F2DC29F88F6E845378F2B5FD447CD128CFEDEA183C634887DB5C9FD435047C55F5A7EEFC37F55CB9E2CC7C511EFBE88C840F7185A32E63B4946F06E261E33670010D398EF32D0397DD9EE569C7CBD7359F5F1CB1AB2E4C1AE44B5FAD859404AF43E3F9E74E4EBE3C56E69559A65105D099CE573E445E16E00006EB6A9B6CB0B0D520AD3A38AE6B1F9375A71E8665E8921FED639A4B25B0E989DD396AE5A93CECE3039153671170D1FF1594FD649F6DBF6B7F874B9E149AF5C8D5C43C9BB8A2F078BBFBE7B734BF772DFA1FB7B1B78BA922248BECB9DE2FC52A36A0A605414F42E0D0F69EED22E3B147629C5C0BA648D86B1D39AE7F8D609E58D7532F60201263CAD3CCFE1EEA3BEBCAAB8E7150E1ED25EFC262DD4C93E76662EA45DBE669BD3950C071C879656C2D504C36A06CB999C5854618B480147075710066A9FCECBC8B1E5CD1C9CDBB84734661FDA8C2307BED6BBFF00ACCB48E621CA560319C6DD41E3C034DB9BCA1CF6786FC9C9FA070B9D5647B5DC39C1A0D4F1018CC2C5CC8370693DBA765A3ED47B64CAA0516D0639B101B519304FE131284C2715F06936990721043A81F331A4E85A756F644818F4B8A5575014EB9F1D823C37974D4645A1AFF7818E6BA4A344B68B5CE7F88043A99A96A8C3AB58E22F1B07751A2C1C4E369171CB41B949D397AA963F88B6AD314C986B6CDBDDBD01D61161B7FDA8AEC754A78AA514F15975DAAB40F75E37A8D320FA2E6BD8EE34FF00B4BD8F13E3171206CF02098F455FB45C5FC5C3D263C7F35911507DE8363DF4BA0F84D67E1DECC4812E6F9C72262E3EA9961F85E26ABE9D5A65E72D463F24E85C5D24475994F84069D721E2ED69A6C1CAA16641FAA9F12E20DA945B518DCA731740D9D9891DADF450E31C43C47B6B30438E4A8EE8FCA263B99296EAB1A75B8E54A942AF842034D263779A8C0D6C76B4A13F8ABB078CAC590F731A1A5CEBEC0BC9E449959F4FC4A349D33724B47F56B3F341E25A4B6A419D5EF76B2397AAA274DED07B461FE09A396258720D5A5865E0F49FAAAF88386231352B3E4D2A74F3319F79F02C3B4CACD6E09B40D2AA6E1FE68E4D8833D56F32BD207C7800BCE5C933958E248CDD6FA74536E7D1C86C662AA52C3D4A99C0AB52A3262D0C149B0D1C9A2C8FF6438C67F0856114E8B040FC4F921A5DD006AC0C160DF5DF880EDBCB3B011007784650C5B58CAD429B766333FE1196E7E652B458F42A1ED0F89892D0DCCD60125A6D26E4D48DF905D1E1F8BD126330049803E90BCDBD9CAECA538707CB21C72DDEE10353B2D06633254735AD9701EF1BE52EF316B27768804F755C5CBE99F5CC7A2B9A0DD56E62CCF67F165D45A4EBA5FA775A0EC485D7CDB639BA9ED1C8511447342FDA159F694ED2F42F284909F6A4921ACA185A62ED2024EE1EC2363F5560C30E6A6DA71A2F136BD1F5FD82FE1ED16BA87D9D8D32365A269F5BA071A4B7717D77F92D7E3DD4F5639FC5D5F3667547B6F600836EDA20B158A2FF00E4369BB10D3707C5F0EA367617063A23B11421C5DE286B4FBD9DC600FE96CD963D4AD4DD57296BAA336AADCF008DFCA6174B36562B80E1DC7CAE7E16A837655CC0CF3CDB8EA8DE2185A4DA45AEC634BC098700F693B105C098F544F19C3B7FEE56C4621A2065A912D68D844495CDBF078693E1B9F8A3CF23B20E84112D5462307C7EA784F63E9D17068391C1995CD2776ED1D96478D37324EE79F5EA518DBB0D9BD048B748374218802F2AA0351E716FA770AD7D19B88E9087A8C7B7CCD9EE3F34770A9AB2221E05C0B077A7E88A342E21E0D3CAF6CC1F2BB76E920F4DD5D58E5C3E537034FE971FBBFBE68C76122CE69836320911D93D5C0E511AB08CAE06F1C883BACED5465B704EF09CC68F2B9CD9E863CA7D42B5B83398363C85ACCDFF001001F98856BE8D4A4D1AED3E876FDEC89A6D7E77B00B96388F505E23E295D54C67B6B3B12FF3086B64F2E9F921EBD705AF637CADCDE63CE2CD016D6378739B58B9A3CA4027FB4E53F994461780B48022E1C49EAE80512E0BF4E6062AAE50D71227DC9D7A4720B4DB802CA023DE2F06FD2E0FCB5463B85C97BAA7BE2A0239C403089F01DE59162D0D1FF3970F9108BECE7A575B1AEFE5D2A63CD59C5CF8D4ED27B049D860DA4F73C4B9EE73F28B00D0034663CAD645FB3BC2C963EA1B38934C3B70D98765F49527E19EE73CB9A7C390D6B74CD16F5014FB1B195C26ABB3165377BD97C5ABD009224FC1750DA94A9BBDFF0011C3EE892D69D65EEDFB2C9C3FB3A6AD48CD969B750DB0EA3A95AD4B0ECA6452A6C81207944EF72E3B94F515D7707AF141B9BDF2335EDAE89AAF1033EEABF855382E6DDB2352E93A6C068149FC3A4DDF328FCD79FA4784AA0E2C0890559F6D6013759FC4387D517A6E951C1E736732E113F55D41F8634BF8833AA487F0CFE14957EF3AFE8FF046A06FAA6F4B262F541ACDDEEB9142891BC2E7B8B53755B36B78507A49F5E4B56AD7DDB65C8E3EB4D426BD668683E50D0338E970B7F8F945058DA618671591ECE65CC0E039802E564632AD1634BF87BF117B9CB51D91BD7223B89F07A1565ED06A93BBDE401D2047C966F01E0D46938D4A8F0F7498653B31BD093AADA40B787F1FC4D76F879ECE10E73A6A3FB86E83E0AE6710A74D8EA4EA95AA1022F14E9CF56B00CDEA4AA2B62F0A6A92EAA0307DCA61ADFF00CDF088F0C3FCD0D6D3FBA2FEE8DD071854A8B5873BBD099F9042543075DE7BAEB6A50A45B620123A15915B83BB5047AA72855C31C49B1BF2899F55D6E0F8631DE62CC8ED9CDB5F995CB70BE1AF0E19E992D9D60FC885DDE0B041A25A4FC498E7328B5355D6C3027CC2F113B1EFFAA06B70B6BA7B411B8E47F395BB9F9CAA6A46B6EFCD4E425785E1AD2D875CC026DA9020C7554E2F838610F027239B31F8091AF4DBD16950AC34E46C7AAD165419A7EEBAC42425AE778870E87006ED20413FD3A0ED07E48CE0B816971DCB4B847528EC5B01F2F5CA3B9D12E0F472C3B9FD46BF45163567F1CC05FDCD5CD3A5CD801F9A2317C325B95A3CC4E46F3B00091DB45A38E1355879E63FFB085B581A00106C79773729C4DAC6C37060C029B07958D009FC4ED4A63C286A4680868EBCFA92574CE0D00DB7F9FE6A80D19934ED64E1781C340D2DA3473D42C41C20B6AE639AD6198CDBB6817A0536DB6FDF35998DC28718227A6C81A0285C7BA00DAC01F96AA35691D44A38D22C6FBB6E634086F167658F51528312372A61E88796A62428B0F55F8892B7CA92587A4FA2399558C0B4AB877253662B5B223D82C7516D369D7D365C56338886025B2013AD4807D3300BBBC7D4390C831AC82BCFF8DBC07B49A59A0E6398662D034B735A704C9E2F5DD59FE19C4BA9C8F766E79CE5D02AF03870186861C3AB1D1F59C4368B798045DD08CA38165626AE2290A40E8D265E6798E686C3F0FAF4DE323C31A4F9586F91BCE362B4D35980F656830E678F100363101C7FA46802E9A970E618F2E5DF2998F41A2A70D45F2DF2971E66FDC995B2D16B6BD349EE9A6D06386536DADFE7B21F11811B4759FD16B7D9F7FDFC550FC283A09FDF348A566D0E1EE996C8EB36F82D5A6C23517DE15D84A31D13D69DA7E28309893BFCD60717E21E1B09365A98CA87F7BAE07DB3AC7CA06937449A62387FB5FE6871B7EEEBB0E1FC6039B7FD85E3CD7076D046E1753C06BB9A03A4E9A731C8AAEB8C839BAF4E7D70E8748DAFB9E451D83AF2206916EFBAE3B0B8C22D683A4ADDE1B25A6351759635C6C53A9244C588BF44751C68CCE03631FEBE6B9CA60C8FC22D3CCEC9CE24B41004B893FF001848AC6871AF695B406673872689F45B1C17181ED6BB59DF6F45E07ED471379C4F9BCD93406E2D7D17A0FF00D25E2CFAC6B308860870E41C6643790D15DE326A2DFE1EB14DB6D955518D3BFC14F0F165754A614C406AB4DB97A2C3AF48027295B78D2D0DF33411DA573B5DCC9F2E9D3F453DAB949CD5136DD0CEAC7625485758E345D9CF44953E2B52461EA3F6ED6EA2389367E8B21EF317B7ACA16B5702755D39186B77158D2E690D765991369F8AE45E6B673E76D9B2047FECF3B0EE512FC740E9F358DC52AB9EE0C14F3CEA1C4E46F581A955208541C5EECEF7F8867DF240A60F2A6DD4C7E25B540345E493CC40F9EEB2B09449BB80B6968D36ECB419888D74F5B760AB05AD367D773F92BA90738DA40F82129559B9B7D7FC23E9BFFD2442695211CFBE89DC7611D1541D2A6D2A4E274E81DCA8D567F52B849DE10CFA60733DD06C9C7323703E6B8DF68B0DE24B4C748E7F92EBF1F55C6DF40B33F8731DA937D85A7AA35731C1E1F82DE26574981C039ADB85A6FC1318ED328E67EA7A23AA580888264C6855F95A7248CCA74493D8AECF836173346D220ECB2E8604139847A2E87095006F2FDEEB3AB4DBC3DA353A68B3313872C2E04EA2DDAD75AB87C589F786AAEAD836BE5D1127F614FB0F2EF697D992F3E268E3711F55DBFF00D35C136851C8C649265CEE674BAB6A619EFF002968001DE66DDCAD1C053F08CFEFD2344EF56C4D91D6D1108A17080C1E25AE68D8FCCA2E4F24E31B0071275A2C0AE7EBD1124F3F8ADAE266751FA8F558F52938750B3F92AF90C70E364CFA477D1585A47DDBA76B964D02E449159D24B03927D49EF1AA14D4D8EBFBD51551B16D8041D4E53D7D39AE99D31F1078A7DADEBC8F40B2712493EF45F9C69A2D8AF713F4FCD0389C10719F8FC3657295F486031B1EF3A4ED79F45A54F1124068BEE4E81603F0D13040E51AC72EEAA662DCCDC91F51D557D93B4A75DA37F545D2C44D9BEBFE4AE270FC4EF075903B1E43F55A785E2C1CFF000DA7CBA970D32F327AF3460762C78E6A41FCBD162E0F161D76C641A7231691CCF545B7133B93FA28C3681AC06B286AF892743655F8B6FD942D62A6AA2D1881CBE290AAD3A01F42832D1FB2A190936FCD10CD8BF7849F9EC88C1D702C6FCA5515C86EA0177D3F550A6FCB726E15CAA82AA627C3060C4AE678DF1E7C80D791E6831F55A7C42B482570F8F3CE4C19B2730574581C45673C8155DF15DC7B2FC65CE8A355DE6D27AEC0F55E42DE255019123EB65D0706E265F543A1C1E4893DB43DD3B2614D7AED70490DD3F347E1FCA20C13D5673C663330A2CAA7733DB5FF002B9FA374B877DB41E88D356DBAC3C01D0CCA2EB626DAC75FC956A2FDA8C53893AFA2181E90A6FAD7B850F1DBD57377D7B6BCC40D5E8A30C3B156666A8168D9D0A253C4BC26754957E19FC63E2927FF0046393A8CBDF53A0DE108EA467436FDC15B0EA60C831D473E77D945F4041DF6F41B2E88CEB10D2D47EE4A1FC013F45B9E091D4EC3BF3507604FA7C5692A2B98AF879D05F5D167D6C25CC37F7BAECBEC045A7E3F241D6C1418227E4B4949C4D5C3106DCB5EBBA67B8B5B946F7204DCEC1DD3A2E9B1182681311172167D4C0EB06FDAF28F2181B078D20799DC8468239346CB6B07C5838E5101BB738EAB9FAF812D3D7E3FB2ABA2C734E97D5DC801A009FA2758EE222728568AD37257134B893C389DE49D01B2B0F117032F7673F87EE831C829BCAA3B11501BC88E7B7C533B1F021BF1DCAE30F13713E624E9A5876013FF00157B4DAC08B6E4FE8A6C5CE75D88ACD02F73B74FF285224EB6D572B531EE035DBE72A34B8C38589D52BCD3FA7586883659588E08E9B42A297197488B8DD174F8CB8DB430A76C3D523809304013D5743ECF7060C707BB50663B2C8A9C48CB7CD7845E171CF205E44D8F31CFE88F23AED598BCC6C8EA14E7B2E57018922C75D96E51C5B8441F4FD54DB138DA6123E96D541B8B74C1648E7CFBA1C57CC2C4023D558DC4E8214DE862EA5881696FA044B2AB7920A7733FAAB03065B6F7D64CA5A04BFC311702533A834EE3E3BA08D468126DCA74F5E4AB970320DB97E695F1195A9F61672F9A4B37ED6FFC4925E87B0A30B3B1BDBFDA9D4C1916104DC47EA8BCC401276EDEBD9444D88337F977DD7448CED0A2935A262E35F4EA93E9004012373DD15500CBBDF96B3D9525A4B6666D13F92002A8DBDF49BC0DFAAA9D8769D8C441E5AFD51E4911613D2FF243D476A083D3BA34466D6C10CD1946589CC7A21AB70E9B8D07C6169B5EE04922C48B299234E5AFA9D12D3C7375785B60CB600BCEE07359F89C036D637E9CBF55D7E229B098E961FE50D8AC20ED023A1D13F218E1F1382A60685A4EDF94ACE7F0F06C365DAE2F040D8B743AA0EA61AD25BCC5D54A1C6E23045A209CBDF655B291208B11B1DE574F570E264DC11170645F6D954DC10FBB13D15791ED8E7C53B011304A1FC2E7F15D18C1C589F4DD2760E206B274EA14E9EB0F0E7A41E7A2D4A0D06D7985A0DC135D78FD7E08AA18568B5AF7E47E2A6D395954DA763247D392D2C2905A2416C5E07344D5E164DC5FE47E5AABE8E1835A01CC3624F3DBD5656AE2186692E813FDC08969EC56B516BEDE6903A6FBCA87F0FA62730873AF237B45B91B2D06604868CB2081A6A0F6ED75975AAFA2C162886990753E6EFA596836B82627EAB3A9E0CCEA64E84E9D8A949077EC77FF00291E46ABAAB6DDF58943D470CC60C7EF543DC4998E40CEBD7928C1700436F7D34B1E6354FEC645EC791A924697DFF444B5AE37023D6E3F550761CC6D3F7A4F97BA05D871A19E9720FF00A5385E9A5E1D5FC43E01258FFC39DCFE47F54E8C1E9D1D5D4AAF86FB9FF12924BB9CD52A1A7A2833DDF5492502A5574F87D508CF787749248E06C56AFF004FA84050F79DFBDC2649234DDA8EC88ABEE7A14E922002FF0077E3F5287A9B2492B819AFFBDE9F9AAE8EC92482A0DFEF9FEEFC941DAFA94924E98CC1FBBF1FCD12EF74FF00624928A6D4A1FF006C7EF64654FBDD9A924B2AB81F8B683BAD2E0BFF006DBD9324974AEBE8AA68EFEEFD1595B56F73F40924A614FA2C4FB87B1FAABF0FA1FEEFD12491167A5EEFEF92435F87FF009092484D5E9249209FFFD9',X'',X'',NULL),('0043','マッチョ社長が教える完全無欠の時間管理術',100,1300,NULL,NULL,NULL,'0009'),('0044','シンプルに結果を出す人の5W1H思考',100,2000,NULL,NULL,NULL,'0009'),('0045','明日クビになっても大丈夫！',100,1600,NULL,NULL,NULL,'0009'),('0046','ラ・ラ・ランド',100,2500,NULL,NULL,NULL,'0010'),('0047','モアナと伝説の海',100,2500,NULL,NULL,NULL,'0010'),('0048','ミニオンズ',100,1000,NULL,NULL,NULL,'0010'),('0049','プロメテウス',100,900,NULL,NULL,NULL,'0010'),('0050','グレートウォール',100,2500,NULL,NULL,NULL,'0010'),('0055','道は開ける　文庫版',100,1200,X'FFD8FFE000104A46494600010100000100010000FFDB0043000503040404030504040405050506070C08070707070F0B0B090C110F1212110F111113161C1713141A1511111821181A1D1D1F1F1F13172224221E241C1E1F1EFFDB0043010505050706070E08080E1E1411141E1E1E1E1E1E1E1E1E1E1E1E1E1E1E1E1E1E1E1E1E1E1E1E1E1E1E1E1E1E1E1E1E1E1E1E1E1E1E1E1E1E1E1E1E1E1E1E1E1EFFC0001108015E015E03012200021101031101FFC4001F0000010501010101010100000000000000000102030405060708090A0BFFC400B5100002010303020403050504040000017D01020300041105122131410613516107227114328191A1082342B1C11552D1F02433627282090A161718191A25262728292A3435363738393A434445464748494A535455565758595A636465666768696A737475767778797A838485868788898A92939495969798999AA2A3A4A5A6A7A8A9AAB2B3B4B5B6B7B8B9BAC2C3C4C5C6C7C8C9CAD2D3D4D5D6D7D8D9DAE1E2E3E4E5E6E7E8E9EAF1F2F3F4F5F6F7F8F9FAFFC4001F0100030101010101010101010000000000000102030405060708090A0BFFC400B51100020102040403040705040400010277000102031104052131061241510761711322328108144291A1B1C109233352F0156272D10A162434E125F11718191A262728292A35363738393A434445464748494A535455565758595A636465666768696A737475767778797A82838485868788898A92939495969798999AA2A3A4A5A6A7A8A9AAB2B3B4B5B6B7B8B9BAC2C3C4C5C6C7C8C9CAD2D3D4D5D6D7D8D9DAE2E3E4E5E6E7E8E9EAF2F3F4F5F6F7F8F9FAFFDA000C03010002110311003F00FB2E8A28A0028A28A0028A28A0028A28A0028A28A0028A28A0028A28A0028A28A0028A28A0028A28A0028A28A0028A28A0028A28A0028A28A0028A28A0028A28A0028A28A0028A28A0028A28A0028A28A0028A28A0028A28A0028A28A0028A28A0028A28A0028A28A0028A28A0028A28A0028A28A0028A28A0028A28A0028A28A0028A28A0028A28A0028A28A0028A28A0028A28A0028A28A0028A28A0028A28A0028A28A0028A28A0028A28A0028A28A0028A28A0028A28A0028A28A0028A28A0028A28A0028A28A0028A28A0028A28A0028A28A0028A28A0028A28A0028A28A0028A28A0028A28A0028A28A0028A28A0028A28A0028A28A0028A28A0028A28A0028A28A0028A28A0028A28A0028A28A0028A28A0028A28A0028A28A0028A28A0028A28A0028A28A0028A28A0028A28A0028A28A0028A28A0028A28A0028A28A0028A28A0028A28A0028A28A0028A28A0028A28A0028A28A0028A28A0028A28A0028A28A0028A28A0028A28A0028A865BAB78BEFCC83D81C9AAEDA9C00E112573ECB8FE74017A8ACE37D70C7F77001FEF1A6896F09F9A503E8A28034E8ACE0F381F34AC69C2E25FEF5005FA2A8FDA26ECC3F2A4FB4CDFDE1F953B017E8AA1F689BFBDFA0A3ED137771F90A2C3B17E8AA1F689BFBFFF008ED06E27FEF8FC85160B17E8AA1E7DC76917F15A417171FDF5FF00BE69058D0A2A879F73D993F15A3CFBAFEF47FF007C9FF1A02C5FA2A8FDA2EBD62FFBE4FF008D1F68BAFF00A627FE027FC680B17A8AA5F68B9F48BF2347DA6E7FBB19FCE80B1768AA5F6A9FFB91FEB47DAA7FF9E71FE740AC5DA2A9FDAA6FF9E69F99A3ED730EB127FDF54058B9455317927FCF11FF007D51F6C7FF009E23FEFAFF00EB50162E51553ED8DDE2FF00C7A8FB67AC47F3A02C5BA2AAFDB57FE79B7E6297EDB1FF00CF393F4FF1A00B34556FB647FDC7FD3FC697ED9163A37E5401628AAFF6C8BFDAFCA9E27423386FCA8025A2A217119FEF7E54A264F53F95004945304887BD3F20F7A0029ACE89F7980FA9A8E766DDB45479EE46680164BD854E00763ECB503DECE4E22B751EEEDFE153EFC76A4DC3FBA3F2A00A8F2DEBF26658C7A22FF8D472446420C92C8FF527157F2BFF003CD7F2A3287AC60FE140CA6B0DBAF457FC853D4463A071FF0001AB1FBBFF009E63F2A311FF00CF25FCA81107CBFDE7FF00BE68F97FBCDFF7CD4DB62FF9E4BF951B62FF009E428021C0FEF9FF00BE0D181FDFFF00C74D4DB62FF9E746C8BFE79D03B910008FBE3FEF934607FCF41F91A976C5FDCC7FC08D1B62FEE9FF00BE8D01722DA3FBEBFAD2151FDF5A97647E8E3FE0468D91FAC9FF007D501723DA7FE7A27E7401FF004D23FF00BEAA4F2E33DDFF00EFAA3CB4F57FCE8B85C60563D1D3FEFA146C3FDF5FFBE8538C69D373FE749E547FDE6A02E37CB6ECCBFF007D0A3CA93FD9FF00BE85298A3F53F951E527F7DBF2A004F2E4F41F98A3649D714BE4AFF78FE4297CA18E1FF4140C69493FBA68D92FF75A9C23E3EFFE94BE50FEFF00E94088CA49D95A80929FE16A93CAFF006C7E547978FE31FAFF008D0047B25F46FCA8DB20EA0FE54FF28FFCF4FE74796DDA4FD4D02B8CC3FF0074FE549B5BD0FE5526C7FEFF00EA69A159D72B21C7FBC681DC6EC6FEE9FCA8DADDD4FE54E1149FF3D4FF00DF66831C9FF3D0FF00DF6680B8DD8DFDD3F9526C3FDD6FCAA4F2E5FEFF00FE3F4BB24F5FFC7E80B911523B1FC69C11472CD9F614F2921EA01FAB52796FFDD1FF007D500372AA3E5500FEB4024F524D367290A1799D57D01EF54A5D562191047BBD0B74A2C17347693C8A8A5BCB7807CF26E6F45AC49EF6E263F3C9C7A0E2AB17C77A7611AF36AD23711208C7AF7AB9E1B9DE68EE03B162AE393F4AE715F26B67C1CFBCDEFB3AFF002345B403C77F693FDA02F7E10F8CF4FD06DFC3716AE97F622EFCC7B83194F9D9368014E7EE67F1AF388BF6D5B903F7BF0FF3FEEDF8FF00E22B9FFF0082897FC95CF0D7FD813FF6BC95F395203EB58FF6D787FE5A7C3EB9FF0080DFAFFF00115327EDAFA61FBFE00D407D2F50FF00ECB5F2163934605007D891FEDABA0FFCB4F026AC3E97319FE952AFEDA9E163F7FC15AD8FF76488FF00515F1B607A52607A5007DA29FB6978249F9FC21E225FA084FF00ECF5327ED9DF0F8FDFF0BF8997E90C27FF006A57C5181E946D1E82803EDE8FF6CAF8687EFE83E274FF00B7588FFED5AB11FED8DF0A9BEFE9BE254FAD9467FF006A57C2E5573F7451B57FBA29DC0FBC62FDAF7E11BFDE4D7E3FF7AC3FC18D594FDAD7E0DB0E6FB554FF007B4E93FA66BE05D8BFDD149E5A7F7452B81FA051FED59F05DFAEB57C9FEF69F37FF1353A7ED47F05987FC8C932FD6CA61FFB257E7B7969FDD147951FF7453B81FA209FB4D7C177191E2A0BF5B6947FECB53A7ED21F065FA78BEDC1F78E41FCD6BF39FCA8FF00B828F263FEE8A2E07E9027ED0BF071C71E34B11F5DC3FA54C9F1F3E103F4F1BE983EAF8FE95F9AE608FF00B8290DBC7FDC145C0FD2F4F8E5F08DFA78E749FC67C5584F8CFF000A5FEEF8E746FC6E97FC6BF31FECF17F74527D9A2FEE0A2E07EA047F16BE18498D9E38D0CFFDBE47FE356A3F895F0EA5E13C6BA17E37F10FFD9ABF2D7ECB0FF70506D61FEE8A00FD538BC75E0694E23F17E86FF4BF88FF00ECD5662F14785E5FF55E21D31FFDDBA43FC8D7E51FD8E1C7DDA4FB143D850173F5A23D5B4797FD5EA76AFF00EEC80D4CB7568DF72EE26FA1CD7E487D8D072091F8D3D6DCAF2B34ABF473405CFD6F13407FE5E129DBA3ED3257E4A23DE20F9350BB51ED330FEB4F92FF00558E26FF0089CEA217FEBE5FFC680B9FAD127CA4720E4678A6EEF7AF1CFD8CF4DD534EFD9F34ABAD62EEEAE27D4E696F2217121731C45B6A019E8085DDFF0002AF5ECD0049249B2277FEE827F2AAF67750FD9221F688C9DA33F30EB55F5C9CC3A4CE41C1652A3F2AA9632436FA31BA9B02182132C8719C2A8C93F90A7603645CC5FF003D57F3A5F3D0F22453F8D717A27C43F01EB3646F20D72D6D972479777FB97E0039C3751823A56AA6BFE149A448A3D734B795F684413A65B70CAE3EA3914580E804C98FF58BF9D0251FDF15CFB6BBE175098D674E72E4055495598E5B6F41CF5ABD00B3B98966B6786785865648C8653F4228034FCC07F887E74A1FFDAACE16F17F7131F4A4FB3C390760E68199BE2494BEA71A16F955471F8D5646C2D26B4153510AA30302A2DE029FA9A64936FA6B3D431333FCAA0B1F402ADA59B05F32E5D6041D73D680B95C49838ADCF0236EFED0FF00AE8BFC8D647F685BDBF1630EF6E9E6BF7AD4F87DF77503EB2AFF002349EC08F903FE0A25FF002573C35FF604FF00DAF257CE46BE8DFF0082897FC95CF0D7FD813FF6BC95F389EA2A4620FAD07F5A53D38A3DE80128A7A43239F94673CD38DB4E0FDCA008A8A90C138FE03486297FE79B500467AD14F3149FDC6FCA9BE5C9FDC3F950025141571FC0DF95186FEE9FCA800A28C37F74FE549CFA1A005A2939F4A33ED400B4D279A5278A280128E68C8A0118EB4000E68340E2818EF400BDF140A4A33DFD7B50029A43C0A5C8A3AD0003A511DA4FA8DEDAE996ABBAE2EE748225F5666007EA4515E8DFB2E685FF00091FED11E12B331EF86D2E5AFA638E15614320CFB16551F8D007E89E87A5C3A0F86748D06DC28874DB186D502F4C468147F2AB20F34FBA70D331ED9A881C9C669A198BE2B9BE4110E81093F5C53B4E896E74A5B6953CC8A6876489FDE523047E55435F93CC9266CE460815A7A11C59443FE997F4AA7B1270F7B77F00E6BDB55B9F1078523B9D29560862FED248C43E59380577019049EBCD545D37F67D7904CBE20F0E93953FF218520EDE40FBFD07B63AD7C1FAB32597C40D4EF5214924875699D51D72AC44AC791DC5755A8F8B935016EB71E18D13CB80B48152D82EF72FBF7311CF04F00103A761CCABB0D0FB29FC29F026F930FAD6873E6412963ABA92EC010327774C3118AEBF4E9FC156FA10D12D7C55A63D9AF42DAA2349D73F7B766BF33EFF004C866BB9EEC95884AE5FCB44C2AE4F41ED5BB7FF000C357D3F437D625BDD3F6C50477135AA4E0DC431484047641D01DCBDFBD6752BD3A4D29CAD7D8D29D29CD37157B1FA3090F85DE28E28BC49684468114AEA284E067AF3CF5AD1D36D2DED55DAD6EDAEA294860E64DEA31C706BF2B2FAC9ADA307CE73B81C618F15FA09FB1C33BFECDDE1DDF2339596E4658E4E3CF7E2B5211DC6BE47F698FA0AAA3E76084E0160335635FF00F90A2F1D85558F0655FF007A98996BEDF1C20C7630AAE38DE6A94EF24CFBA6919CFB9A6C5F7697B8A0420E0D74DF0F7FD5DF9F5917F91AE68F5AE9BE1EFF00ABBEFF00AE8BFC8D0F61A3E3FF00F828971F16FC35FF00604FFDAF257CE27A8AFA3BFE0A27FF00256BC33FF604FF00DAF257CE07D6A062AFA507A520FBD413D6802E5A755FF76AD9AA967F797E956CF5A0043D29A69C7A534FAD0034E69B4E20E7914DC7A67F2A004348694E7D28A006E683F4A4A5A006F1938148473C814A7039A43CF4A0042063A0A6E17D0538FA52739A00303FBA290AA9FE114BFCE8CD0037627F7051B13FBA29D450037CB4FEE8A4F2D3FBA29F450046D1A04381508AB2FF0071BE955874A005AFA47FE09E3A49B9F891E26D74C794B1D31605723A348E0E3EB8435F3616E0F1DABED4FF0082786962DFE15F8935A65C3DFEB1E4EEF548A2523F591A803E8E23249EB4AE0450BCADD114B7E952C6B93C8A835C711E972007EF90A2A80E46FF003E4393CE735B1A17FC79C43FE990FE55937BCDAB7D0D6968D204B28491906203F4A6C48FCCEF15023C61AC9C67FE26771C7FDB46AB73C968932A4178972A5149700A8048C9183E9D335F495F7EC89AC4FE24B9D7ACFC79649E75E35E4714B60C7665CB05387E7D2B5357FD9D3C7BA869971A73F88BC22CB711B234CDA738906EEAC0E4E0FD2A56E3BE963E519A78C292ACA71FE7A57A3F8BC68D69A36B9AA5A78A2DEF9753B6B2B6B2B78EE4492BA214DC255C6405D9C0AF648BF67EF8816D0C71097C0D74A8811BCEB593F7981824E4704F3F4C9C5731E15FD977E22F86BC4675B59FC21AC6525536B79BCC5FBC04676EDEA3391E95CD88C37B79C5DED6E9DFAFE86D46B7B38C95AF73E6DD6983471ED39DA083FA57DEBFB191CFECDFA08F49EE7FF47BD788F8DBF666F89FAF9B06B6B3F0969DF62B45B622D2E197ED047FCB47CA0CB1F5AFA33F676F086AFF000FFE10E99E13D7DA06D4ADA599E4F21F7A00F233000F7E08AEA303735F3FF1345FA0AA50FF00AD1F535735FF00F90A0FF7455383993F134C18D4A5EA6913B528EF40843D6BA6F87BFEAAFBFDF5FE46B9863CD74FF0F398AF4FFB6BFC8D0F61A3E41FF8289FFC95AF0CFF00D814FF00E8E92BE6F3DABE90FF008289FF00C959F0C9FF00A829FF00D1F257CE07D2A062521EF4BDE8340172CFAAFF00BB570D53B4E587D2AD9A004A69E9F87F4A71E94DC71400849F5A4C9F5A53C1A43D680006909A3B52500264E690934A79A4340013484F4A5A4F4A004E3D3B507181C0A08A43D33ED40087D7814BF2FA0A0D1400800F414607A0A3A002949C5002607A537A714F1CD33B9A0047FF0056DF4AAA3A1AB4FF0074D551C0E9400D99B6C2CDE82BF42BF631D29B49FD9C34032280F7D2CF787DC34AC14FFDF2A2BF3CAF4E2D988F4AFD39F81B6834EF81FE0BB4030174881B1FEF286FEB4203B50D8E6B2FC4326608907F7B3FA55C2D8ACAD71F74B1AFA026A9019379FF001ECDFEE9FE557B4A60B6501F441FCAA8DE7FA86FA55CD33FE3C20FF717F953623224F0F5EC9AD1D4E3D57518CACC65112B8D849EDF7BA7B56CC50DEC5B42CD74795DEDB54BB601CE7E6C727DAAFC196C629D0CCB2CD344818342C15F2303240231F81A43112E88500C170481D4A8C9FCA9C2F30798AE07FC00D48CCB1A977076A8C938ED58B6D713496F105F1169C64DC18B9299619E98E31C62969D46937B2358DE8EBB271FF6CDAA44904A038CF3D370E6B3D1AEFCE95BFB5B4C7467531AEF5F957F8875EFCD5F52AD86460C8795607208F5145D034D6E73FE20FF0090AAFF00BA2A95B1CCBFF7D7F5AB7E213FF13551FEC8AA56A7F787FE05FD6ABA1208781F4A5CD3579C53BB9A0431BAD751F0EBFD4DEFFBEBFD6B967AEA3E1CFF00A9BEFF007D3F91A1EC347C89FF000513FF0092B1E18FFB029FFD1CF5F371EB9AFA47FE0A29FF00255BC31FF6053FFA39EBE6EA818507A5141E94016ECFAAFD2AEF6AA567D47D2AE76A004269BD1694F5A3B50035BAD358D2B50706801A683EB4A7A521E940094518A4E9D6800A4A7537BD0021E79F6A43D314BFE141A004A0D2D20F7F5A0008A08C9A28A0000C530FDE34FA67734008FF0070FD2AAE322AD3FDC3F4AAC3A50057D438B635FAABE13B7FB0F81FC3D658C791A5DB4647B889457E555F2974541D59801F8D7EB3DC288628210302389540F4C0029A02266C9ACAD51B3758F415A44F3595A81FF4A3F414D09946F3FD437D0D5CD33074FB7FF70554BBFF0050DF4356B4BE74EB738EB18E2A989195AE0F17B788B3A2CB1A69BF6529B58A0CCC7A373C8C7E39FE57629FC4293444C2CEAB0159018154CB364E0921B23EE8E7A7CDD29754F0D693AC5E2DDDF2CFE6A8014C72951C67191F89A75E7856C6F0209AFB5050ADBFE49B04939EF8F43FA526343F469B5D93C3B78FAFC51437AA19879438008CE300F3B7819EF5C6E8FA86829A2C7A79F0C2CD1C91E5EFFCD01837724EDF9483C633CD7A05969C965A3BE9904D2C91796522133EE2BC1EA7A9AF318FC0BE2DB7915E18AD9823640138C13F8E2B9EAA7D11DD8474ECD4DD8CD9ECA61096913319CED6C83F4E9F87E75EADE0539F04E8BE9F638FFF004115C47F61F8D2385E25D26DC8752A71347C673F4F535DF7862CA5D2FC37A669970CAD3DB5B247295391B8000E3F1A2945AB8632AC67CB6333C45FF2165FA0FE754ACFFD61FC6AEF887FE42C3FDD1546D3FD61FF00817F5AE9470B153B0A338269ABDA86EB408473915D4FC38FF517BFEFAFF5AE55BA1FA5753F0DFF00D45EFF00BE9FC8D296C347C8BFF05141FF001757C31FF6063FFA39EBE6EAFA4BFE0A2BFF002553C2FF00F6066FFD1CF5F36F7A8187341A33CD06802DDA755FA55B1552CFAAFD2AD8A0046A4FE1A534D27E514008690D29EF487A5000BDE90F7A50283C64D003475341EB40EA68A00292969314009CD21A527B51400DA2948C9A31EF4009477CD145002D30FDE34EA61FBEDF5A0047FBA7E955874AB2DF74FD2AB2FDDA006300D756C3D664FF00D0857EB26A87FD24E3802BF2665212681FFBB2A9FD457EB1EA8733EE1D08CD3405427AD665F906E9AB49B815997DFF001F2DF4AA42654BBFF52DF43FCAAD6947FE25D6DFF5CC553BACF907E86ADE95FF0020DB7FF7053624695BAEE3C103D292C6E279F50BCB66B6F2A2B72A2394E479848258723B71C8CF7AE67C73A07F6CFD86F5F536D3ADEC19DA420B00FBB039DA463159BA96966FF45BA67F19AC16D74CB2C2D166250C18E7E65C374C0C679E695867A13E515CE07CA3273D2B9AB5F1D6837112C8649D09E31B38AD4D16CEE2C3C2B6F617574D777114055A7672C64EBC963C9EBDEB86F8276D617379A9437D15BCA42A9459803DF9C66B484572B6CC2AD492924BA9D77FC261A008CBBDE4A1402788893F856AE9D750EA16305FDA92D6F71189232460953C8C8ED5C17C458B4BB6F102DBD9C70C6E2205D22002E31DF1C66BADF0415FF843B4729F74DA263E98A271492921D29B949A7D0A7E223FF13618FEE8AA3687F7A7FE05FD6AE7887FE42C3FDD1546CBFD730F76A846CC33D2909A1B8A6934C42935D4FC36FF00517DFEFA7F235CA1AEABE1AFFA8BEFF793F91A97B0D1F24FFC1457FE4A8F85CFFD41DBFF0047357CD83B57D27FF0516FF929FE16FF00B03B7FE8E6AF9B2A0629A43D28A0F4A00B767D57E86ADE4553B3EDF4AB7400869BDBFCFAD38D2632B40087AD21A500F4A083F950014DEE697BF141A0068EB467814E3D69A578A004A28C1E7E940E98A0043EB4529A4A00290F4A1864518340094503A9A5CE2801298DF7CD499A8C8F9CD00237DD3F4AA8338EB56DBEE9FA5541D3140106A19FB3EE1D41CD7EAEA4E2EF4FB2BB5FBB3DB4720FF81283FD6BF28EF866D5BDABF50FC0375F6EF86DE16BCDC18CBA45AB67FED92D3406B1359B7FC5C1F702B40F5AA1A8AE2E01F6A684F628DC9FDCB7D0D5BD2B8D3EDC633F20AA773FEA9BE86AE699FF0020F83FDC14D8916967B570D14B2C4E0F0CAC452BDB68D2C623960B478D4101481B403D78E9DA88E6854E25C206708991F7988CE29EF7362A3F7B240073D48CF1D78FC0D2634586921785A3F39006180430E2B879FE1A594AE5E1D6A54E7B28E33DBAD7641EC24B86B411472CA910959027F0B642F6EF83503B786C3C8925D694B243C4CA59418BD9BD3B7E7551938ECC99538CB7471EBF0BCA3164D79C31FE23164FEA6BB7D1ACA2D2F49B3D2E16678ED625895DBAB0518C9FAD3E2D3B4F950490A5BF96C32AEA7008EC723B53ED842225FB390D175520E41FC6894DCB708538C3E1473FE24FF90B0FF74550B1FF005C7EA6AF7890FF00C4D97FDD1FCEA8589FDE9FC685B14C09A68A01A6B1C74EB4C439BBF35D57C34FF537DFEF27F235C9B77AEB3E1A9FDD5F0FF693F91A996C347C95FF000517FF00929DE15FFB043FFE8E6AF9AEBE94FF00828BFF00C94DF0AFFD825FFF0047357CD75030A0F4A283D2802D5A1C15FA55A279AA96CC17693C7153F9B1FF007A801E4F7A4E739A4DE87F88526F4FEF5002E79A4FC68247A8A4C8F5A005E7D6909268C8F5A28010938A371A0F4A4A00327D69371069690D00193416229290D002EE3E946E3E949487A500296239A37FFB34DEF45003B77B521E589A4A28011BEE9FA555519E6AD37DD3F4AAABC0140115D0CDBB0AFD20FD9EAFD753F805E0CBB56DC574E585BD9909523F4AFCE4700A30F515F73FEC3BA8FDBBF67C8AD4B64E9DAA5CDB9F6076C83FF4653407B41EB54F521CA37B11570FAD56D487EE54FA1A681EC655CF3137D0D5CD33FE41F07FB82A9DC9FDD37D2AE699FF0020F83FDC154C9457D79A492CDADA1B16B897CC5752F1B3478EE723DBF9D64DFA6B1216FB2E9D64E58827CE4946719014FAA8048DBD3935D15C6A76BA7B0376D2057CED2A8580C63D3DD854906BFA3C823FF4F44F302B26F0416070463F954B28669D207F115E5FA4720856D2242C63206E05C903239EB5C4EBBA4D84F7FAB3C5A52C91EA7231B993ED054C8A154AF19E32C08FC2BBD87524B9D5E6B0B711C91C76C932CCADBB7166618FC02D249E22D022678E6D4618DE3731C9BDB1870092A78EBEDEF408C7B26B7B7B2B5B78750862B5B78E15086EF1B11130411F971DEB63C3A7768766CBD0C408FA55D49AC27DC11D64D99DCA1949E319A874EBB4BFB286F6252B1CA372A9EA0503307C4BC6AEBF41FCEA8D97FAD3F8D5EF129FF89BAFFBA2A8D8F339FA9FEB5484C6F7148DD7349E9448CA885DD82A28C927B53101E73F4AEB3E19F315F9FF006D3F91AE0B74FAACAB0DB074B627861F7A53E82BBDF869C477EBD0ABA023D3835321A3E4CFF828BFFC94BF0AFF00D825FF00F471AF9AABE96FF828C7FC94AF09FBE9527FE8D35F34D40C28A28A0028A28A00420FAD29271D4D2138A0FD0D00265BD4FE74BB9B1F78D149400EDEFEB46F7F5A4A2801448E3BD2F98FEB4DA2801DE6C9EB479AFEB4DA2801FE749EB419DCF514CA2801FE6B7A51E71F4A6521A00904DCF4A5F387A543D0D07DF9A00984C3D297CE5F4A840A302802632AE2ABFF005A53D6839A000F3C57D61FF04F3D601D37C65E1976E52682FE25CFF7818DF8FC12BE4F039AF6BFD8835C4D27E3DC5A64ACC23D6EC27B5503A798ABE6AE7F0461F5228407DC9DEA2BC5DD6AE3D066A6906D908F7A4C0652A7B8AA0673F71FEACFD2AF69BC5841C670A2A95D2908CA7A8CD5ED33FE3CE11FEC8AA6492BC6ECEC8C2CE58CE08598723FCE28934CB79D1525D374E911061369C607B607158DAEDC3E9DA7EAFAA41A6C5A8DCC32C2AB14885BE53B41E809E0127F0AA9AC6BF65A778674CD64F870DCBDF3B2B5BC6A418C293F31F4E0679A8B9A5923A4D234A7D32EE59ADA38A0B730AC56F12B93821998924F6CB76AA777A158DE4D24D75E1E47795FCC7FDFE72D8C6EC74CE38CF1C556D12595BC63ADD9A3C8B66BA55ACF0404F1133EF2C47A6703F2AE0A5F88DAF59BDCC525EC932DB15C3238618248E495E318F7EA2BCFC6E630C1B4A516EFD8E9A38475AFCB2D8F44B8D16DA59D2ED74BBB86E236571E54CA37B29380C33C8E4FE7F4AD4F0FDBCD67A259DADC80268A30AE07635E64DF117558BCA56BD943C876FEF2D4615B1D0F1CFA64715E9BA04F2DD68B657570434D344ACE718E4FB0A781CC69E31BE48B56EE2C4E12587B393BDCC6F12F1AB28FF607F3AA5A7FFAF3F56FEB577C4DFF002174FF00707F3ACE81FCA0D200588CE07A9AF491C632E668ADE1696670A17B773540A4D7EC24B95315B0E521EEDEE69F15BC92482E6F583C80FC89D92AD31CF5A606B7843CA4D504AC14794B9418E05751E12685F55D61E0002B491938F5C366B81175259C6F3478DDB7183DEBBAF87DA75DD9584F3DDAEC6B9656553F7B001E4FA673512291F227FC1474B27C42F0A4C6362834B9016038FF005A6BE6017B07F7ABF5A75B95639C24D0433C6EB90248C37D4562DD69BE1ABB07ED7E18D0E71DC49631BE7F314AC07E590BB80FF18A517309FE315FA7373E0BF871743FD23E1DF85243EA74A833FF00A0D665C7C2AF841719137C35F0E8CFF72D553F9014580FCDB13C47F8C5289633FC42BF44AE3E077C10B8043FC3DB043EB14D2AFF0026159377FB36FC0EBACFFC535776D9E9E4DFCA31F99A2C07C061D0F7068DCA7B8FCEBEE9B8FD953E0C4A0F95FF000915B93FDDBFCE3F35359B71FB21FC2D933E47887C4D00F43346DFCD29580F8A723D451915F62DC7EC6FE087CFD9BC79AE43E9BE08DBF90159B73FB17698D9FB2FC51B84F412E921BF5128A2C07C994B5F4F5DFEC5FAB2FF00C797C4BD365FFAEBA7347FCA46ACEB8FD8DBC7299FB378D3C3737FBDE6A9FF00D04D007CE5457BF5C7EC83F14509F2358F0E4FF4B9719FCD6B3E6FD933E32A731C3A14FF00EEDF81FCC500788D15EB577FB327C6FB6CEDF0C5B5C63BC5A84273F9B0AC9BBF807F1B2D41327C3ED41C0FF9E534327FE82E6803CEE8AEC67F845F1760FF0059F0DBC4A71FDCB177FE40D67DCFC3DF8936D9F3FE1EF8A531D7FE25537FF13401CE920507A5685CF873C596D9373E12D76103A9934F957F9AD509A0D42107CED2EFA2FF007A061FD2801BCE79A063BD40D7013878E44FF7948A4FB5C3DCD0059C8E945571770F4DD4BF6987FBE280261CF5A2A3F3A2FEF8FCE97CC8FF00BC2801E3AD6BF8175E6F0AF8FF00C3DE265381A76A114EFF00EE061B87FDF39AC6DE878DC2A3B8D8F032EE1D3D6803F566E1E294A5C40C1E1994491B7AA91907F2A8C75AF3EFD9BBC523C61F02BC35A93BEFBBB3B71A7DD64E49921F9031F72A15BF1AEFC7D698191AAA6C99C766E4558D37FE3D22FF007451ADA6615947F0F069DA42E6DA11FEC8AAE82EA13E8A67BB7BCB7D5350B19240048B6EE0292075C153DA98345D515898FC57A9827FBD1C2DFCD2A7D5DF538C29B28CB4600C08C02E4F7073D0607EB55FFB4B514552F65784B024F0A7B03E9EF4AC57331748D024B2D4751D4AE756B8BEBCBF8520691E34411AA6EDB80800FE227F2AC13F0FFA635189C29C8DD6FD0FE75D13EB325B80D71A75C9C8C80AB93D071FAD36E756BA5B848A0B70034025C49D54F520F3D715CB88C1D1C4DBDAC6F635A788AB4BE07639B9FC077CFCAEA16ACE01085A3618CFE35D868F6AD63A4DA593387682208580C0245543AE431E5A785FCB24042ABC8E4F51DB819AD600F19FD6961B03430CDBA51B5F70AD88A95BF88EE733E26FF90BA7FB83F9D41A369EFA8DDFD983F96A7259BD3D2A6F13FF00C8590FFB23F9D4BA05D25A34F21009E9CD76F430EA655C46F0CEF0C830E84AB0A89C851D324F000EF535EDC7DAEF65B8452C657C205192DF4AECBC25E1A169B6FF005050F72798E33D22FF00ECBF9526EC041E11F0CF965351D4D332758A02384F73EFEDDABB0A28A81915CDB4172A1678D5C0E99ED551B46D3CF48997E8E7FC6B428A00CB6D0ECFF85A65FF008166A36D062FE1B9947D4035B1450060BE812E7E4BD18FF6A3FF00EBD7887C65F8F9E1DF855E363E12D5F42D5B51B85B74B86B8B7D8A987CE000C79C63AD7D1B55750D374ED4555750D3ED2F157EE89E15900FA6450078A7C13F8BBA2FC61BDD42CFC33A46AF60DA6C492DC4B7C8822F9890AA1919BE6E09C1C700D7A69D2B541FC087E8E2BA4B6820B68560B6863862518548D42A8FA015250072C74FD5147FA83F8303FD6A27B3D507FCBA49F860FF005AEBA8A00E39ADB511D6CE7FC169863BD5EB6B723FED99AED28A77038769664FBF1CCBF5534D17841C0918577541008C100D1703881A84AA7895FF00EFA34E5D52E17A5C38FF00811AEC5A085BEF4319FAA8A6B5A5A375B684FF00C0051703931AC5DF6B96FCE9E35ABBFF009EE6BA47D334F6FBD670FF00DF351B68FA6375B44FC3228B818435CBB1FF002D87FDF22924D624906264825FF7E306B69B41D2CFFCB023E8E6A33E1DD34F45947D24345C0E7A56D2A739B8D0B499BFDFB443FD2A94FA4784673FBFF06787A4FAE9F1FF0085754DE19B03D25B95FA38FF000A8DFC2D6A4FC977723EBB4FF4A77407173F83BE1C5C67ED1F0F7C34DFF6E11FF85509FE18FC20B8C99BE1A7878E7A95B60BFA8AEFCF8587F0DFBFE318FF001A8DBC2F367E5BF1F8A51A01E653FC11F819739F37E1D5A2E7FE795DCE9FFA0B8ACDB8FD9D7E034D9DBE0FBCB7FF00AE7AA5C9FF00D0A435EB87C33783EEDE447EA0D46FE1CD4C7DDB881BF123FA51A01E3137ECC5F03E5FB963AF41FEE6A0C7F9E6A8DC7ECA7F07A507C9D47C4B6FFF006F2AD8FCD6BDC5B40D5D7A2C0DF493FC4546746D687FCBA03F4957FC68D00E5BE177813C3DF0C7C372F877C2F3DF5C5ACD706E6696F1C33B39007180001851C015D479E7DA9A74BD617FE5C1FF000653FD698D63AAAF5D3E7FC173FCA8D007DCBACB6EE8C3A8C54DA4C4B15AC6B2BC61828FE31546482FD3EFD95CA8FF00AE66A0DF2AA80F04C3FE006988E95597B32FE0C3FC69F827A71F4C572A2719C36547B82315323A3F31DC44DFEEB834AC173A4DAE3F84D46D1EE1864CFD466B9B7BA09214F34E475C1A72DF301C4EDFF7D5160B9D098D30418D704E4E57AD1DF39AC15D4661D2E1FF00EFAA7AEA971DAE18D0172978A78D5947A20FE759376259185BC1BCC9249B422756E7A55BD52E1EEF588A25CDC5DCAA0246A324D773E15F0FC7A647F6AB901EFE41976EA23CFF000AFF008D36EC808BC29E1B4D3956EEF555EEF1F281CAC43D07BFBD7494515030A28A2800A28A2800A28A2800A28A2800A28A2800A28A2800A28A2800A28A2800A28A2800A28A2800A28A2800A28A2800A28A2800A28A2800A28A2800A28A2800A28A28033BC4FA443AF786F53D0E7965822D46D25B57962203A0742A594FA8CE47BD7CA0BFB144F15C66DFE2CDE45006E106927701E9913819F7C7E15F6051401CE7803C2161E11F04E93E168669750874EB71089EEC06924E4924FE24F1D8715B2DA6E9CDF7AC2D4FD615FF000AB54500526D234A6EBA6D9FE10A8FE9519D0B4827FE41F07FDF35A3450054B1D334FB17692D2CA0864718674401987B9EA6ADD145001451450014514500145145001451450014514500145145001451450014514500145145001451450014514500145145001451450014514500145145001451450014514500145145001451450014514500145145001451450014514500145145001451450014514500145145001451450014514500145145001451450014514500145145001451450014514500145145001451450014514500145145001451450014514500145145001451450014514500145145001451450014514500145145001451450014514500145145001451450014514500145145001451450014514500145145001451450014514500145145001451450014514500145145001451450014514500145145001451450014514500145145001451450014514500145145001451450014514500145145001451450014514500145145001451450014514500145145001451450014514500145145001451450014514500145145001451450014514500145145007FFFD9',X'',X'','0009'),('1111','あああ',0,0,NULL,NULL,NULL,'0010'),('1113','aaa',0,0,X'FFD8FFE000104A46494600010100000100010000FFDB00840009060713131215131212161515171517161617181818151617151517161615161517181D2820181A251D151522312125292B2E2E2E171F3338332D37282D2E2B010A0A0A0E0D0E171010152B1D15192B2B2D2D2D2B2B2B2D2D2D2B2D2B2D372D2B2D2D2D2B2B2D2D372B2B2D2D2B2D372D372D2B2B2D2B2B2B2D2B2B2B2B2B2D2BFFC000110800E100E103012200021101031101FFC4001B00000105010100000000000000000000000400010203050607FFC4003D10000103020404030506060104030000000100021103210412314105516171132281063291A1B1144252C1D1F015236272E1F182073392A24353B2FFC400190100030101010000000000000000000000000102030405FFC400221101010101000202010501000000000000000111021221033113041441516181FFDA000C03010002110311003F00F4994A52849763129493248C248B932609201D294C9201424124900E5304E90481A14C312015AC4043C2485344B4272C53A611D4D3644606734DE123C86032D4884678499F491E430284F0A4E694C13D068494DAC5234920AE52CCA7E1A673101025465394C80529D34A74028492949511A13C2413809E9A39536556249692B84C42B61472A34210942784C9822532784B2A024C2AC055329C392A0482AF6BD08D2AD0545870487A94A1B3242AA8C312541CAB155273D0667049AC9515631C9858DA4AC0D500F4F9D2345C02A2A2B5C55151385543828277A84AB4A509D42524C8E0A4A329E5592529E5569C1404C393E65094D9918356E64B3AAB3259918356CA8950053E6460D4C2454414B329BCD3D390A30A529D21A882AC0F502140B5186BF3A62E544A45E8C2D59E227155525C9B327E234507A907A1D854C15162A55E1DC94C39500A7CCA54B8B95751473244A655438A8AB1CA9215C4549326CDD52578472929E544329084F642092991A70AAA7D0212F2879544A892AFF0D3786AA5858A144A27228E44692A6B4952CA42B9A15A14DEF15390D94A89279228909013122C77D0DACB3FCD355F8C2F88978AA588A61A0B8DC004BA3603FD21AA388A66AD319C06E66FF576F457F9392F0E97F88A61EA8A9877013B6C7F24D56939A46A645BE13655BCDFE53EE7DAF9512860F4DE214FC0BC963DD0AB355226540C2B9137A5EDACAC65742E6090295E21CE87F8A9BC641950F114FE23F3680A89CD440B6B291AAA6FC6AF210F7A1DEF291A89E414E73856AA9292B2C92BDFF09AED00AB98C0816B95ECA9D572D6B06C24EA72A14CD958149E07753843540B40854D5A6AF9E8AC032A32A6F54D53360E6B4F5B5F6F4855DFC9399B5338B52353AFFB5557C4E560711F7AF702C74286C6F156D3229B8B331205ED9493133C964F16A9E287B5F4E5B218E8F780D8380D5B3BAE3F93E5F2FA74F1F18FE398814A9BCB8D9C20106209BB0CEC65636378E5602A50AA1D4CFD9DD95E41BBA3507730ABC2F04736A80D739D8723296BFCCDCBA6533C8E8B45D8682DA4E74B58632B8C9691766426FAC08E4B2BFEB5F18AF0DC7F360E9D67BE2A18823F140DB704C841E2AA622957C3E1E8921AECCF8D8E62737C392CDE2CEA187146AD282CA7887D3A94DDF75AE222DAD8FD11781F69271ECC3D9E33D8B879A9B08930797EA90CFE9B98AC4BE90AD54549631EE0E6F22D804808EC271673DAC753682C2CFF00C0E994F52BCDF8862DCCC5D4A2F96B2AD5787DED943839AE076F2D968F06E22EAD4DD4E890C65334836F724B9AE249E605D54B615E77EDE89518D1A8B86CC0FE912552CAD4DE3CBC8389D803FB2B06871C753702733A03DD6D086BB239BDC6BD91914AA550D2E3E26592D063C8E32DCC3A05ACF9FA8CAFC51A0F6C2ADCD09B13C528B4B29B9C3339D945F5EB1C8225B4079858DE2779E4BAF8FD4CBF6E7EFE0B02984C4AB450F827F05754B2B0CAA547C345370EA668A728C0418A61A89F0538624302B42900890CE4AEA7853C94DEA43934065496AFD80A753E7C9F8D079958C2875635CB2B1ACA3A9D4560AA806B9580AC6C58F6D551C457CAD26262F6D7D10A1C85C4621BF7A637E5DD4F57C55CCD46BE21AE208061D11EBA183BA02B620879F103808009B653CC8954F1006BB086466176BAFE198E6E1A15CB3F0D5EA3E3192E682416B1CE6BD8D9D45FCE22FCD72F5D5B5B4E60DE35C2CB6BB310C399F1769199B51BCDB3BC6A87E35C6B18D735F429E76D9AF03A7DD74DC48FC968605CC27CAE2FA6CB87B1C49691F75ED26D6E9BAB9EEA82BB982A537D27B61CD0432AF3691A17036D06C92D8DEC8FB4E48AF45C1E1EC73EAD36BAC4B0CE6A57D48BDBA217DA0C08C5B062A8D62D7369B4D4024CE5D1CE02F205A75B23B8F627353FE506D3C5D28739AF6869A8DFE92E893F55CFE0B11886E240134EA3DA7C27810D738827C3AA3412645C6A9FD989F681AFAA0D4A8D07C3A4C73DC357D223FF0092352DE7CA117C57D9CB3EA53A9FCFF099E19FC4DD5A41DED63D96561BDA3AF52A5560A21B886882D88195A21D4DCD368D7E4BACE0AFA55E8615EDB7D9C0813A5A4B1DEA611A4C4A948D4A384A8E6CB9B26B0D73B4C2DAE17C05B87A52C6DC3C483CC1F7BE2AB1C698DC2E67303981CF766883E1E6718B6F30164FB49ED1B9D5F04EA2EF256349EF00EE089079584A9DB42FA345CDE26F638914CD396DC82E3065D3CDC754F5FC7AAD388A4E0DAA1A1B59CDFBC048CA39445FB2D0E318CA62A9C5541E5634B845C934CB8816D88015980F68195039B4D92EF10BAA362F91CD04DB9DE3E29864E0312F77D9659FCD65378CE7EF4BA0992BA17E3E9B312067065BE407DD86B9D2E3CFFC258D75034603C34786E6B20DEE2411F0F8AE3BDA0C65373705E27F2DC29F88F6E845378F2B5FD447CD128CFEDEA183C634887DB5C9FD435047C55F5A7EEFC37F55CB9E2CC7C511EFBE88C840F7185A32E63B4946F06E261E33670010D398EF32D0397DD9EE569C7CBD7359F5F1CB1AB2E4C1AE44B5FAD859404AF43E3F9E74E4EBE3C56E69559A65105D099CE573E445E16E00006EB6A9B6CB0B0D520AD3A38AE6B1F9375A71E8665E8921FED639A4B25B0E989DD396AE5A93CECE3039153671170D1FF1594FD649F6DBF6B7F874B9E149AF5C8D5C43C9BB8A2F078BBFBE7B734BF772DFA1FB7B1B78BA922248BECB9DE2FC52A36A0A605414F42E0D0F69EED22E3B147629C5C0BA648D86B1D39AE7F8D609E58D7532F60201263CAD3CCFE1EEA3BEBCAAB8E7150E1ED25EFC262DD4C93E76662EA45DBE669BD3950C071C879656C2D504C36A06CB999C5854618B480147075710066A9FCECBC8B1E5CD1C9CDBB84734661FDA8C2307BED6BBFF00ACCB48E621CA560319C6DD41E3C034DB9BCA1CF6786FC9C9FA070B9D5647B5DC39C1A0D4F1018CC2C5CC8370693DBA765A3ED47B64CAA0516D0639B101B519304FE131284C2715F06936990721043A81F331A4E85A756F644818F4B8A5575014EB9F1D823C37974D4645A1AFF7818E6BA4A344B68B5CE7F88043A99A96A8C3AB58E22F1B07751A2C1C4E369171CB41B949D397AA963F88B6AD314C986B6CDBDDBD01D61161B7FDA8AEC754A78AA514F15975DAAB40F75E37A8D320FA2E6BD8EE34FF00B4BD8F13E3171206CF02098F455FB45C5FC5C3D263C7F35911507DE8363DF4BA0F84D67E1DECC4812E6F9C72262E3EA9961F85E26ABE9D5A65E72D463F24E85C5D24475994F84069D721E2ED69A6C1CAA16641FAA9F12E20DA945B518DCA731740D9D9891DADF450E31C43C47B6B30438E4A8EE8FCA263B99296EAB1A75B8E54A942AF842034D263779A8C0D6C76B4A13F8ABB078CAC590F731A1A5CEBEC0BC9E449959F4FC4A349D33724B47F56B3F341E25A4B6A419D5EF76B2397AAA274DED07B461FE09A396258720D5A5865E0F49FAAAF88386231352B3E4D2A74F3319F79F02C3B4CACD6E09B40D2AA6E1FE68E4D8833D56F32BD207C7800BCE5C933958E248CDD6FA74536E7D1C86C662AA52C3D4A99C0AB52A3262D0C149B0D1C9A2C8FF6438C67F0856114E8B040FC4F921A5DD006AC0C160DF5DF880EDBCB3B011007784650C5B58CAD429B766333FE1196E7E652B458F42A1ED0F89892D0DCCD60125A6D26E4D48DF905D1E1F8BD126330049803E90BCDBD9CAECA538707CB21C72DDEE10353B2D06633254735AD9701EF1BE52EF316B27768804F755C5CBE99F5CC7A2B9A0DD56E62CCF67F165D45A4EBA5FA775A0EC485D7CDB639BA9ED1C8511447342FDA159F694ED2F42F284909F6A4921ACA185A62ED2024EE1EC2363F5560C30E6A6DA71A2F136BD1F5FD82FE1ED16BA87D9D8D32365A269F5BA071A4B7717D77F92D7E3DD4F5639FC5D5F3667547B6F600836EDA20B158A2FF00E4369BB10D3707C5F0EA367617063A23B11421C5DE286B4FBD9DC600FE96CD963D4AD4DD57296BAA336AADCF008DFCA6174B36562B80E1DC7CAE7E16A837655CC0CF3CDB8EA8DE2185A4DA45AEC634BC098700F693B105C098F544F19C3B7FEE56C4621A2065A912D68D844495CDBF078693E1B9F8A3CF23B20E84112D5462307C7EA784F63E9D17068391C1995CD2776ED1D96478D37324EE79F5EA518DBB0D9BD048B748374218802F2AA0351E716FA770AD7D19B88E9087A8C7B7CCD9EE3F34770A9AB2221E05C0B077A7E88A342E21E0D3CAF6CC1F2BB76E920F4DD5D58E5C3E537034FE971FBBFBE68C76122CE69836320911D93D5C0E511AB08CAE06F1C883BACED5465B704EF09CC68F2B9CD9E863CA7D42B5B83398363C85ACCDFF001001F98856BE8D4A4D1AED3E876FDEC89A6D7E77B00B96388F505E23E295D54C67B6B3B12FF3086B64F2E9F921EBD705AF637CADCDE63CE2CD016D6378739B58B9A3CA4027FB4E53F994461780B48022E1C49EAE80512E0BF4E6062AAE50D71227DC9D7A4720B4DB802CA023DE2F06FD2E0FCB5463B85C97BAA7BE2A0239C403089F01DE59162D0D1FF3970F9108BECE7A575B1AEFE5D2A63CD59C5CF8D4ED27B049D860DA4F73C4B9EE73F28B00D0034663CAD645FB3BC2C963EA1B38934C3B70D98765F49527E19EE73CB9A7C390D6B74CD16F5014FB1B195C26ABB3165377BD97C5ABD009224FC1750DA94A9BBDFF0011C3EE892D69D65EEDFB2C9C3FB3A6AD48CD969B750DB0EA3A95AD4B0ECA6452A6C81207944EF72E3B94F515D7707AF141B9BDF2335EDAE89AAF1033EEABF855382E6DDB2352E93A6C068149FC3A4DDF328FCD79FA4784AA0E2C0890559F6D6013759FC4387D517A6E951C1E736732E113F55D41F8634BF8833AA487F0CFE14957EF3AFE8FF046A06FAA6F4B262F541ACDDEEB9142891BC2E7B8B53755B36B78507A49F5E4B56AD7DDB65C8E3EB4D426BD668683E50D0338E970B7F8F945058DA618671591ECE65CC0E039802E564632AD1634BF87BF117B9CB51D91BD7223B89F07A1565ED06A93BBDE401D2047C966F01E0D46938D4A8F0F7498653B31BD093AADA40B787F1FC4D76F879ECE10E73A6A3FB86E83E0AE6710A74D8EA4EA95AA1022F14E9CF56B00CDEA4AA2B62F0A6A92EAA0307DCA61ADFF00CDF088F0C3FCD0D6D3FBA2FEE8DD071854A8B5873BBD099F9042543075DE7BAEB6A50A45B620123A15915B83BB5047AA72855C31C49B1BF2899F55D6E0F8631DE62CC8ED9CDB5F995CB70BE1AF0E19E992D9D60FC885DDE0B041A25A4FC498E7328B5355D6C3027CC2F113B1EFFAA06B70B6BA7B411B8E47F395BB9F9CAA6A46B6EFCD4E425785E1AD2D875CC026DA9020C7554E2F838610F027239B31F8091AF4DBD16950AC34E46C7AAD165419A7EEBAC42425AE778870E87006ED20413FD3A0ED07E48CE0B816971DCB4B847528EC5B01F2F5CA3B9D12E0F472C3B9FD46BF45163567F1CC05FDCD5CD3A5CD801F9A2317C325B95A3CC4E46F3B00091DB45A38E1355879E63FFB085B581A00106C79773729C4DAC6C37060C029B07958D009FC4ED4A63C286A4680868EBCFA92574CE0D00DB7F9FE6A80D19934ED64E1781C340D2DA3473D42C41C20B6AE639AD6198CDBB6817A0536DB6FDF35998DC28718227A6C81A0285C7BA00DAC01F96AA35691D44A38D22C6FBB6E634086F167658F51528312372A61E88796A62428B0F55F8892B7CA92587A4FA2399558C0B4AB877253662B5B223D82C7516D369D7D365C56338886025B2013AD4807D3300BBBC7D4390C831AC82BCFF8DBC07B49A59A0E6398662D034B735A704C9E2F5DD59FE19C4BA9C8F766E79CE5D02AF03870186861C3AB1D1F59C4368B798045DD08CA38165626AE2290A40E8D265E6798E686C3F0FAF4DE323C31A4F9586F91BCE362B4D35980F656830E678F100363101C7FA46802E9A970E618F2E5DF2998F41A2A70D45F2DF2971E66FDC995B2D16B6BD349EE9A6D06386536DADFE7B21F11811B4759FD16B7D9F7FDFC550FC283A09FDF348A566D0E1EE996C8EB36F82D5A6C23517DE15D84A31D13D69DA7E28309893BFCD60717E21E1B09365A98CA87F7BAE07DB3AC7CA06937449A62387FB5FE6871B7EEEBB0E1FC6039B7FD85E3CD7076D046E1753C06BB9A03A4E9A731C8AAEB8C839BAF4E7D70E8748DAFB9E451D83AF2206916EFBAE3B0B8C22D683A4ADDE1B25A6351759635C6C53A9244C588BF44751C68CCE03631FEBE6B9CA60C8FC22D3CCEC9CE24B41004B893FF001848AC6871AF695B406673872689F45B1C17181ED6BB59DF6F45E07ED471379C4F9BCD93406E2D7D17A0FF00D25E2CFAC6B308860870E41C6643790D15DE326A2DFE1EB14DB6D955518D3BFC14F0F165754A614C406AB4DB97A2C3AF48027295B78D2D0DF33411DA573B5DCC9F2E9D3F453DAB949CD5136DD0CEAC7625485758E345D9CF44953E2B52461EA3F6ED6EA2389367E8B21EF317B7ACA16B5702755D39186B77158D2E690D765991369F8AE45E6B673E76D9B2047FECF3B0EE512FC740E9F358DC52AB9EE0C14F3CEA1C4E46F581A955208541C5EECEF7F8867DF240A60F2A6DD4C7E25B540345E493CC40F9EEB2B09449BB80B6968D36ECB419888D74F5B760AB05AD367D773F92BA90738DA40F82129559B9B7D7FC23E9BFFD2442695211CFBE89DC7611D1541D2A6D2A4E274E81DCA8D567F52B849DE10CFA60733DD06C9C7323703E6B8DF68B0DE24B4C748E7F92EBF1F55C6DF40B33F8731DA937D85A7AA35731C1E1F82DE26574981C039ADB85A6FC1318ED328E67EA7A23AA580888264C6855F95A7248CCA74493D8AECF836173346D220ECB2E8604139847A2E87095006F2FDEEB3AB4DBC3DA353A68B3313872C2E04EA2DDAD75AB87C589F786AAEAD836BE5D1127F614FB0F2EF697D992F3E268E3711F55DBFF00D35C136851C8C649265CEE674BAB6A619EFF002968001DE66DDCAD1C053F08CFEFD2344EF56C4D91D6D1108A17080C1E25AE68D8FCCA2E4F24E31B0071275A2C0AE7EBD1124F3F8ADAE266751FA8F558F52938750B3F92AF90C70E364CFA477D1585A47DDBA76B964D02E449159D24B03927D49EF1AA14D4D8EBFBD51551B16D8041D4E53D7D39AE99D31F1078A7DADEBC8F40B2712493EF45F9C69A2D8AF713F4FCD0389C10719F8FC3657295F486031B1EF3A4ED79F45A54F1124068BEE4E81603F0D13040E51AC72EEAA662DCCDC91F51D557D93B4A75DA37F545D2C44D9BEBFE4AE270FC4EF075903B1E43F55A785E2C1CFF000DA7CBA970D32F327AF3460762C78E6A41FCBD162E0F161D76C641A7231691CCF545B7133B93FA28C3681AC06B286AF892743655F8B6FD942D62A6AA2D1881CBE290AAD3A01F42832D1FB2A190936FCD10CD8BF7849F9EC88C1D702C6FCA5515C86EA0177D3F550A6FCB726E15CAA82AA627C3060C4AE678DF1E7C80D791E6831F55A7C42B482570F8F3CE4C19B2730574581C45673C8155DF15DC7B2FC65CE8A355DE6D27AEC0F55E42DE255019123EB65D0706E265F543A1C1E4893DB43DD3B2614D7AED70490DD3F347E1FCA20C13D5673C663330A2CAA7733DB5FF002B9FA374B877DB41E88D356DBAC3C01D0CCA2EB626DAC75FC956A2FDA8C53893AFA2181E90A6FAD7B850F1DBD57377D7B6BCC40D5E8A30C3B156666A8168D9D0A253C4BC26754957E19FC63E2927FF0046393A8CBDF53A0DE108EA467436FDC15B0EA60C831D473E77D945F4041DF6F41B2E88CEB10D2D47EE4A1FC013F45B9E091D4EC3BF3507604FA7C5692A2B98AF879D05F5D167D6C25CC37F7BAECBEC045A7E3F241D6C1418227E4B4949C4D5C3106DCB5EBBA67B8B5B946F7204DCEC1DD3A2E9B1182681311172167D4C0EB06FDAF28F2181B078D20799DC8468239346CB6B07C5838E5101BB738EAB9FAF812D3D7E3FB2ABA2C734E97D5DC801A009FA2758EE222728568AD37257134B893C389DE49D01B2B0F117032F7673F87EE831C829BCAA3B11501BC88E7B7C533B1F021BF1DCAE30F13713E624E9A5876013FF00157B4DAC08B6E4FE8A6C5CE75D88ACD02F73B74FF285224EB6D572B531EE035DBE72A34B8C38589D52BCD3FA7586883659588E08E9B42A297197488B8DD174F8CB8DB430A76C3D523809304013D5743ECF7060C707BB50663B2C8A9C48CB7CD7845E171CF205E44D8F31CFE88F23AED598BCC6C8EA14E7B2E57018922C75D96E51C5B8441F4FD54DB138DA6123E96D541B8B74C1648E7CFBA1C57CC2C4023D558DC4E8214DE862EA5881696FA044B2AB7920A7733FAAB03065B6F7D64CA5A04BFC311702533A834EE3E3BA08D468126DCA74F5E4AB970320DB97E695F1195A9F61672F9A4B37ED6FFC4925E87B0A30B3B1BDBFDA9D4C1916104DC47EA8BCC401276EDEBD9444D88337F977DD7448CED0A2935A262E35F4EA93E9004012373DD15500CBBDF96B3D9525A4B6666D13F92002A8DBDF49BC0DFAAA9D8769D8C441E5AFD51E4911613D2FF243D476A083D3BA34466D6C10CD1946589CC7A21AB70E9B8D07C6169B5EE04922C48B299234E5AFA9D12D3C7375785B60CB600BCEE07359F89C036D637E9CBF55D7E229B098E961FE50D8AC20ED023A1D13F218E1F1382A60685A4EDF94ACE7F0F06C365DAE2F040D8B743AA0EA61AD25BCC5D54A1C6E23045A209CBDF655B291208B11B1DE574F570E264DC11170645F6D954DC10FBB13D15791ED8E7C53B011304A1FC2E7F15D18C1C589F4DD2760E206B274EA14E9EB0F0E7A41E7A2D4A0D06D7985A0DC135D78FD7E08AA18568B5AF7E47E2A6D395954DA763247D392D2C2905A2416C5E07344D5E164DC5FE47E5AABE8E1835A01CC3624F3DBD5656AE2186692E813FDC08969EC56B516BEDE6903A6FBCA87F0FA62730873AF237B45B91B2D06604868CB2081A6A0F6ED75975AAFA2C162886990753E6EFA596836B82627EAB3A9E0CCEA64E84E9D8A949077EC77FF00291E46ABAAB6DDF58943D470CC60C7EF543DC4998E40CEBD7928C1700436F7D34B1E6354FEC645EC791A924697DFF444B5AE37023D6E3F550761CC6D3F7A4F97BA05D871A19E9720FF00A5385E9A5E1D5FC43E01258FFC39DCFE47F54E8C1E9D1D5D4AAF86FB9FF12924BB9CD52A1A7A2833DDF5492502A5574F87D508CF787749248E06C56AFF004FA84050F79DFBDC2649234DDA8EC88ABEE7A14E922002FF0077E3F5287A9B2492B819AFFBDE9F9AAE8EC92482A0DFEF9FEEFC941DAFA94924E98CC1FBBF1FCD12EF74FF00624928A6D4A1FF006C7EF64654FBDD9A924B2AB81F8B683BAD2E0BFF006DBD9324974AEBE8AA68EFEEFD1595B56F73F40924A614FA2C4FB87B1FAABF0FA1FEEFD12491167A5EEFEF92435F87FF009092484D5E9249209FFFD9',NULL,NULL,NULL),('1114','aaa',0,0,X'FFD8FFE000104A46494600010100000100010000FFDB00840009060713131215131212161515171517161617181818151617151517161615161517181D2820181A251D151522312125292B2E2E2E171F3338332D37282D2E2B010A0A0A0E0D0E171010152B1D15192B2B2D2D2D2B2B2B2D2D2D2B2D2B2D372D2B2D2D2D2B2B2D2D372B2B2D2D2B2D372D372D2B2B2D2B2B2B2D2B2B2B2B2B2D2BFFC000110800E100E103012200021101031101FFC4001B00000105010100000000000000000000000400010203050607FFC4003D10000103020404030506060104030000000100021103210412314105516171132281063291A1B1144252C1D1F015236272E1F182073392A24353B2FFC400190100030101010000000000000000000000000102030405FFC400221101010101000202010501000000000000000111021221033113041441516181FFDA000C03010002110311003F00F4994A52849763129493248C248B932609201D294C9201424124900E5304E90481A14C312015AC4043C2485344B4272C53A611D4D3644606734DE123C86032D4884678499F491E430284F0A4E694C13D068494DAC5234920AE52CCA7E1A673101025465394C80529D34A74028492949511A13C2413809E9A39536556249692B84C42B61472A34210942784C9822532784B2A024C2AC055329C392A0482AF6BD08D2AD0545870487A94A1B3242AA8C312541CAB155273D0667049AC9515631C9858DA4AC0D500F4F9D2345C02A2A2B5C55151385543828277A84AB4A509D42524C8E0A4A329E5592529E5569C1404C393E65094D9918356E64B3AAB3259918356CA8950053E6460D4C2454414B329BCD3D390A30A529D21A882AC0F502140B5186BF3A62E544A45E8C2D59E227155525C9B327E234507A907A1D854C15162A55E1DC94C39500A7CCA54B8B95751473244A655438A8AB1CA9215C4549326CDD52578472929E544329084F642092991A70AAA7D0212F2879544A892AFF0D3786AA5858A144A27228E44692A6B4952CA42B9A15A14DEF15390D94A89279228909013122C77D0DACB3FCD355F8C2F88978AA588A61A0B8DC004BA3603FD21AA388A66AD319C06E66FF576F457F9392F0E97F88A61EA8A9877013B6C7F24D56939A46A645BE13655BCDFE53EE7DAF9512860F4DE214FC0BC963DD0AB355226540C2B9137A5EDACAC65742E6090295E21CE87F8A9BC641950F114FE23F3680A89CD440B6B291AAA6FC6AF210F7A1DEF291A89E414E73856AA9292B2C92BDFF09AED00AB98C0816B95ECA9D572D6B06C24EA72A14CD958149E07753843540B40854D5A6AF9E8AC032A32A6F54D53360E6B4F5B5F6F4855DFC9399B5338B52353AFFB5557C4E560711F7AF702C74286C6F156D3229B8B331205ED9493133C964F16A9E287B5F4E5B218E8F780D8380D5B3BAE3F93E5F2FA74F1F18FE398814A9BCB8D9C20106209BB0CEC65636378E5602A50AA1D4CFD9DD95E41BBA3507730ABC2F04736A80D739D8723296BFCCDCBA6533C8E8B45D8682DA4E74B58632B8C9691766426FAC08E4B2BFEB5F18AF0DC7F360E9D67BE2A18823F140DB704C841E2AA622957C3E1E8921AECCF8D8E62737C392CDE2CEA187146AD282CA7887D3A94DDF75AE222DAD8FD11781F69271ECC3D9E33D8B879A9B08930797EA90CFE9B98AC4BE90AD54549631EE0E6F22D804808EC271673DAC753682C2CFF00C0E994F52BCDF8862DCCC5D4A2F96B2AD5787DED943839AE076F2D968F06E22EAD4DD4E890C65334836F724B9AE249E605D54B615E77EDE89518D1A8B86CC0FE912552CAD4DE3CBC8389D803FB2B06871C753702733A03DD6D086BB239BDC6BD91914AA550D2E3E26592D063C8E32DCC3A05ACF9FA8CAFC51A0F6C2ADCD09B13C528B4B29B9C3339D945F5EB1C8225B4079858DE2779E4BAF8FD4CBF6E7EFE0B02984C4AB450F827F05754B2B0CAA547C345370EA668A728C0418A61A89F0538624302B42900890CE4AEA7853C94DEA43934065496AFD80A753E7C9F8D079958C2875635CB2B1ACA3A9D4560AA806B9580AC6C58F6D551C457CAD26262F6D7D10A1C85C4621BF7A637E5DD4F57C55CCD46BE21AE208061D11EBA183BA02B620879F103808009B653CC8954F1006BB086466176BAFE198E6E1A15CB3F0D5EA3E3192E682416B1CE6BD8D9D45FCE22FCD72F5D5B5B4E60DE35C2CB6BB310C399F1769199B51BCDB3BC6A87E35C6B18D735F429E76D9AF03A7DD74DC48FC968605CC27CAE2FA6CB87B1C49691F75ED26D6E9BAB9EEA82BB982A537D27B61CD0432AF3691A17036D06C92D8DEC8FB4E48AF45C1E1EC73EAD36BAC4B0CE6A57D48BDBA217DA0C08C5B062A8D62D7369B4D4024CE5D1CE02F205A75B23B8F627353FE506D3C5D28739AF6869A8DFE92E893F55CFE0B11886E240134EA3DA7C27810D738827C3AA3412645C6A9FD989F681AFAA0D4A8D07C3A4C73DC357D223FF0092352DE7CA117C57D9CB3EA53A9FCFF099E19FC4DD5A41DED63D96561BDA3AF52A5560A21B886882D88195A21D4DCD368D7E4BACE0AFA55E8615EDB7D9C0813A5A4B1DEA611A4C4A948D4A384A8E6CB9B26B0D73B4C2DAE17C05B87A52C6DC3C483CC1F7BE2AB1C698DC2E67303981CF766883E1E6718B6F30164FB49ED1B9D5F04EA2EF256349EF00EE089079584A9DB42FA345CDE26F638914CD396DC82E3065D3CDC754F5FC7AAD388A4E0DAA1A1B59CDFBC048CA39445FB2D0E318CA62A9C5541E5634B845C934CB8816D88015980F68195039B4D92EF10BAA362F91CD04DB9DE3E29864E0312F77D9659FCD65378CE7EF4BA0992BA17E3E9B312067065BE407DD86B9D2E3CFFC258D75034603C34786E6B20DEE2411F0F8AE3BDA0C65373705E27F2DC29F88F6E845378F2B5FD447CD128CFEDEA183C634887DB5C9FD435047C55F5A7EEFC37F55CB9E2CC7C511EFBE88C840F7185A32E63B4946F06E261E33670010D398EF32D0397DD9EE569C7CBD7359F5F1CB1AB2E4C1AE44B5FAD859404AF43E3F9E74E4EBE3C56E69559A65105D099CE573E445E16E00006EB6A9B6CB0B0D520AD3A38AE6B1F9375A71E8665E8921FED639A4B25B0E989DD396AE5A93CECE3039153671170D1FF1594FD649F6DBF6B7F874B9E149AF5C8D5C43C9BB8A2F078BBFBE7B734BF772DFA1FB7B1B78BA922248BECB9DE2FC52A36A0A605414F42E0D0F69EED22E3B147629C5C0BA648D86B1D39AE7F8D609E58D7532F60201263CAD3CCFE1EEA3BEBCAAB8E7150E1ED25EFC262DD4C93E76662EA45DBE669BD3950C071C879656C2D504C36A06CB999C5854618B480147075710066A9FCECBC8B1E5CD1C9CDBB84734661FDA8C2307BED6BBFF00ACCB48E621CA560319C6DD41E3C034DB9BCA1CF6786FC9C9FA070B9D5647B5DC39C1A0D4F1018CC2C5CC8370693DBA765A3ED47B64CAA0516D0639B101B519304FE131284C2715F06936990721043A81F331A4E85A756F644818F4B8A5575014EB9F1D823C37974D4645A1AFF7818E6BA4A344B68B5CE7F88043A99A96A8C3AB58E22F1B07751A2C1C4E369171CB41B949D397AA963F88B6AD314C986B6CDBDDBD01D61161B7FDA8AEC754A78AA514F15975DAAB40F75E37A8D320FA2E6BD8EE34FF00B4BD8F13E3171206CF02098F455FB45C5FC5C3D263C7F35911507DE8363DF4BA0F84D67E1DECC4812E6F9C72262E3EA9961F85E26ABE9D5A65E72D463F24E85C5D24475994F84069D721E2ED69A6C1CAA16641FAA9F12E20DA945B518DCA731740D9D9891DADF450E31C43C47B6B30438E4A8EE8FCA263B99296EAB1A75B8E54A942AF842034D263779A8C0D6C76B4A13F8ABB078CAC590F731A1A5CEBEC0BC9E449959F4FC4A349D33724B47F56B3F341E25A4B6A419D5EF76B2397AAA274DED07B461FE09A396258720D5A5865E0F49FAAAF88386231352B3E4D2A74F3319F79F02C3B4CACD6E09B40D2AA6E1FE68E4D8833D56F32BD207C7800BCE5C933958E248CDD6FA74536E7D1C86C662AA52C3D4A99C0AB52A3262D0C149B0D1C9A2C8FF6438C67F0856114E8B040FC4F921A5DD006AC0C160DF5DF880EDBCB3B011007784650C5B58CAD429B766333FE1196E7E652B458F42A1ED0F89892D0DCCD60125A6D26E4D48DF905D1E1F8BD126330049803E90BCDBD9CAECA538707CB21C72DDEE10353B2D06633254735AD9701EF1BE52EF316B27768804F755C5CBE99F5CC7A2B9A0DD56E62CCF67F165D45A4EBA5FA775A0EC485D7CDB639BA9ED1C8511447342FDA159F694ED2F42F284909F6A4921ACA185A62ED2024EE1EC2363F5560C30E6A6DA71A2F136BD1F5FD82FE1ED16BA87D9D8D32365A269F5BA071A4B7717D77F92D7E3DD4F5639FC5D5F3667547B6F600836EDA20B158A2FF00E4369BB10D3707C5F0EA367617063A23B11421C5DE286B4FBD9DC600FE96CD963D4AD4DD57296BAA336AADCF008DFCA6174B36562B80E1DC7CAE7E16A837655CC0CF3CDB8EA8DE2185A4DA45AEC634BC098700F693B105C098F544F19C3B7FEE56C4621A2065A912D68D844495CDBF078693E1B9F8A3CF23B20E84112D5462307C7EA784F63E9D17068391C1995CD2776ED1D96478D37324EE79F5EA518DBB0D9BD048B748374218802F2AA0351E716FA770AD7D19B88E9087A8C7B7CCD9EE3F34770A9AB2221E05C0B077A7E88A342E21E0D3CAF6CC1F2BB76E920F4DD5D58E5C3E537034FE971FBBFBE68C76122CE69836320911D93D5C0E511AB08CAE06F1C883BACED5465B704EF09CC68F2B9CD9E863CA7D42B5B83398363C85ACCDFF001001F98856BE8D4A4D1AED3E876FDEC89A6D7E77B00B96388F505E23E295D54C67B6B3B12FF3086B64F2E9F921EBD705AF637CADCDE63CE2CD016D6378739B58B9A3CA4027FB4E53F994461780B48022E1C49EAE80512E0BF4E6062AAE50D71227DC9D7A4720B4DB802CA023DE2F06FD2E0FCB5463B85C97BAA7BE2A0239C403089F01DE59162D0D1FF3970F9108BECE7A575B1AEFE5D2A63CD59C5CF8D4ED27B049D860DA4F73C4B9EE73F28B00D0034663CAD645FB3BC2C963EA1B38934C3B70D98765F49527E19EE73CB9A7C390D6B74CD16F5014FB1B195C26ABB3165377BD97C5ABD009224FC1750DA94A9BBDFF0011C3EE892D69D65EEDFB2C9C3FB3A6AD48CD969B750DB0EA3A95AD4B0ECA6452A6C81207944EF72E3B94F515D7707AF141B9BDF2335EDAE89AAF1033EEABF855382E6DDB2352E93A6C068149FC3A4DDF328FCD79FA4784AA0E2C0890559F6D6013759FC4387D517A6E951C1E736732E113F55D41F8634BF8833AA487F0CFE14957EF3AFE8FF046A06FAA6F4B262F541ACDDEEB9142891BC2E7B8B53755B36B78507A49F5E4B56AD7DDB65C8E3EB4D426BD668683E50D0338E970B7F8F945058DA618671591ECE65CC0E039802E564632AD1634BF87BF117B9CB51D91BD7223B89F07A1565ED06A93BBDE401D2047C966F01E0D46938D4A8F0F7498653B31BD093AADA40B787F1FC4D76F879ECE10E73A6A3FB86E83E0AE6710A74D8EA4EA95AA1022F14E9CF56B00CDEA4AA2B62F0A6A92EAA0307DCA61ADFF00CDF088F0C3FCD0D6D3FBA2FEE8DD071854A8B5873BBD099F9042543075DE7BAEB6A50A45B620123A15915B83BB5047AA72855C31C49B1BF2899F55D6E0F8631DE62CC8ED9CDB5F995CB70BE1AF0E19E992D9D60FC885DDE0B041A25A4FC498E7328B5355D6C3027CC2F113B1EFFAA06B70B6BA7B411B8E47F395BB9F9CAA6A46B6EFCD4E425785E1AD2D875CC026DA9020C7554E2F838610F027239B31F8091AF4DBD16950AC34E46C7AAD165419A7EEBAC42425AE778870E87006ED20413FD3A0ED07E48CE0B816971DCB4B847528EC5B01F2F5CA3B9D12E0F472C3B9FD46BF45163567F1CC05FDCD5CD3A5CD801F9A2317C325B95A3CC4E46F3B00091DB45A38E1355879E63FFB085B581A00106C79773729C4DAC6C37060C029B07958D009FC4ED4A63C286A4680868EBCFA92574CE0D00DB7F9FE6A80D19934ED64E1781C340D2DA3473D42C41C20B6AE639AD6198CDBB6817A0536DB6FDF35998DC28718227A6C81A0285C7BA00DAC01F96AA35691D44A38D22C6FBB6E634086F167658F51528312372A61E88796A62428B0F55F8892B7CA92587A4FA2399558C0B4AB877253662B5B223D82C7516D369D7D365C56338886025B2013AD4807D3300BBBC7D4390C831AC82BCFF8DBC07B49A59A0E6398662D034B735A704C9E2F5DD59FE19C4BA9C8F766E79CE5D02AF03870186861C3AB1D1F59C4368B798045DD08CA38165626AE2290A40E8D265E6798E686C3F0FAF4DE323C31A4F9586F91BCE362B4D35980F656830E678F100363101C7FA46802E9A970E618F2E5DF2998F41A2A70D45F2DF2971E66FDC995B2D16B6BD349EE9A6D06386536DADFE7B21F11811B4759FD16B7D9F7FDFC550FC283A09FDF348A566D0E1EE996C8EB36F82D5A6C23517DE15D84A31D13D69DA7E28309893BFCD60717E21E1B09365A98CA87F7BAE07DB3AC7CA06937449A62387FB5FE6871B7EEEBB0E1FC6039B7FD85E3CD7076D046E1753C06BB9A03A4E9A731C8AAEB8C839BAF4E7D70E8748DAFB9E451D83AF2206916EFBAE3B0B8C22D683A4ADDE1B25A6351759635C6C53A9244C588BF44751C68CCE03631FEBE6B9CA60C8FC22D3CCEC9CE24B41004B893FF001848AC6871AF695B406673872689F45B1C17181ED6BB59DF6F45E07ED471379C4F9BCD93406E2D7D17A0FF00D25E2CFAC6B308860870E41C6643790D15DE326A2DFE1EB14DB6D955518D3BFC14F0F165754A614C406AB4DB97A2C3AF48027295B78D2D0DF33411DA573B5DCC9F2E9D3F453DAB949CD5136DD0CEAC7625485758E345D9CF44953E2B52461EA3F6ED6EA2389367E8B21EF317B7ACA16B5702755D39186B77158D2E690D765991369F8AE45E6B673E76D9B2047FECF3B0EE512FC740E9F358DC52AB9EE0C14F3CEA1C4E46F581A955208541C5EECEF7F8867DF240A60F2A6DD4C7E25B540345E493CC40F9EEB2B09449BB80B6968D36ECB419888D74F5B760AB05AD367D773F92BA90738DA40F82129559B9B7D7FC23E9BFFD2442695211CFBE89DC7611D1541D2A6D2A4E274E81DCA8D567F52B849DE10CFA60733DD06C9C7323703E6B8DF68B0DE24B4C748E7F92EBF1F55C6DF40B33F8731DA937D85A7AA35731C1E1F82DE26574981C039ADB85A6FC1318ED328E67EA7A23AA580888264C6855F95A7248CCA74493D8AECF836173346D220ECB2E8604139847A2E87095006F2FDEEB3AB4DBC3DA353A68B3313872C2E04EA2DDAD75AB87C589F786AAEAD836BE5D1127F614FB0F2EF697D992F3E268E3711F55DBFF00D35C136851C8C649265CEE674BAB6A619EFF002968001DE66DDCAD1C053F08CFEFD2344EF56C4D91D6D1108A17080C1E25AE68D8FCCA2E4F24E31B0071275A2C0AE7EBD1124F3F8ADAE266751FA8F558F52938750B3F92AF90C70E364CFA477D1585A47DDBA76B964D02E449159D24B03927D49EF1AA14D4D8EBFBD51551B16D8041D4E53D7D39AE99D31F1078A7DADEBC8F40B2712493EF45F9C69A2D8AF713F4FCD0389C10719F8FC3657295F486031B1EF3A4ED79F45A54F1124068BEE4E81603F0D13040E51AC72EEAA662DCCDC91F51D557D93B4A75DA37F545D2C44D9BEBFE4AE270FC4EF075903B1E43F55A785E2C1CFF000DA7CBA970D32F327AF3460762C78E6A41FCBD162E0F161D76C641A7231691CCF545B7133B93FA28C3681AC06B286AF892743655F8B6FD942D62A6AA2D1881CBE290AAD3A01F42832D1FB2A190936FCD10CD8BF7849F9EC88C1D702C6FCA5515C86EA0177D3F550A6FCB726E15CAA82AA627C3060C4AE678DF1E7C80D791E6831F55A7C42B482570F8F3CE4C19B2730574581C45673C8155DF15DC7B2FC65CE8A355DE6D27AEC0F55E42DE255019123EB65D0706E265F543A1C1E4893DB43DD3B2614D7AED70490DD3F347E1FCA20C13D5673C663330A2CAA7733DB5FF002B9FA374B877DB41E88D356DBAC3C01D0CCA2EB626DAC75FC956A2FDA8C53893AFA2181E90A6FAD7B850F1DBD57377D7B6BCC40D5E8A30C3B156666A8168D9D0A253C4BC26754957E19FC63E2927FF0046393A8CBDF53A0DE108EA467436FDC15B0EA60C831D473E77D945F4041DF6F41B2E88CEB10D2D47EE4A1FC013F45B9E091D4EC3BF3507604FA7C5692A2B98AF879D05F5D167D6C25CC37F7BAECBEC045A7E3F241D6C1418227E4B4949C4D5C3106DCB5EBBA67B8B5B946F7204DCEC1DD3A2E9B1182681311172167D4C0EB06FDAF28F2181B078D20799DC8468239346CB6B07C5838E5101BB738EAB9FAF812D3D7E3FB2ABA2C734E97D5DC801A009FA2758EE222728568AD37257134B893C389DE49D01B2B0F117032F7673F87EE831C829BCAA3B11501BC88E7B7C533B1F021BF1DCAE30F13713E624E9A5876013FF00157B4DAC08B6E4FE8A6C5CE75D88ACD02F73B74FF285224EB6D572B531EE035DBE72A34B8C38589D52BCD3FA7586883659588E08E9B42A297197488B8DD174F8CB8DB430A76C3D523809304013D5743ECF7060C707BB50663B2C8A9C48CB7CD7845E171CF205E44D8F31CFE88F23AED598BCC6C8EA14E7B2E57018922C75D96E51C5B8441F4FD54DB138DA6123E96D541B8B74C1648E7CFBA1C57CC2C4023D558DC4E8214DE862EA5881696FA044B2AB7920A7733FAAB03065B6F7D64CA5A04BFC311702533A834EE3E3BA08D468126DCA74F5E4AB970320DB97E695F1195A9F61672F9A4B37ED6FFC4925E87B0A30B3B1BDBFDA9D4C1916104DC47EA8BCC401276EDEBD9444D88337F977DD7448CED0A2935A262E35F4EA93E9004012373DD15500CBBDF96B3D9525A4B6666D13F92002A8DBDF49BC0DFAAA9D8769D8C441E5AFD51E4911613D2FF243D476A083D3BA34466D6C10CD1946589CC7A21AB70E9B8D07C6169B5EE04922C48B299234E5AFA9D12D3C7375785B60CB600BCEE07359F89C036D637E9CBF55D7E229B098E961FE50D8AC20ED023A1D13F218E1F1382A60685A4EDF94ACE7F0F06C365DAE2F040D8B743AA0EA61AD25BCC5D54A1C6E23045A209CBDF655B291208B11B1DE574F570E264DC11170645F6D954DC10FBB13D15791ED8E7C53B011304A1FC2E7F15D18C1C589F4DD2760E206B274EA14E9EB0F0E7A41E7A2D4A0D06D7985A0DC135D78FD7E08AA18568B5AF7E47E2A6D395954DA763247D392D2C2905A2416C5E07344D5E164DC5FE47E5AABE8E1835A01CC3624F3DBD5656AE2186692E813FDC08969EC56B516BEDE6903A6FBCA87F0FA62730873AF237B45B91B2D06604868CB2081A6A0F6ED75975AAFA2C162886990753E6EFA596836B82627EAB3A9E0CCEA64E84E9D8A949077EC77FF00291E46ABAAB6DDF58943D470CC60C7EF543DC4998E40CEBD7928C1700436F7D34B1E6354FEC645EC791A924697DFF444B5AE37023D6E3F550761CC6D3F7A4F97BA05D871A19E9720FF00A5385E9A5E1D5FC43E01258FFC39DCFE47F54E8C1E9D1D5D4AAF86FB9FF12924BB9CD52A1A7A2833DDF5492502A5574F87D508CF787749248E06C56AFF004FA84050F79DFBDC2649234DDA8EC88ABEE7A14E922002FF0077E3F5287A9B2492B819AFFBDE9F9AAE8EC92482A0DFEF9FEEFC941DAFA94924E98CC1FBBF1FCD12EF74FF00624928A6D4A1FF006C7EF64654FBDD9A924B2AB81F8B683BAD2E0BFF006DBD9324974AEBE8AA68EFEEFD1595B56F73F40924A614FA2C4FB87B1FAABF0FA1FEEFD12491167A5EEFEF92435F87FF009092484D5E9249209FFFD9',NULL,NULL,NULL);
REPLACE INTO `m_product` (`p_id`,`p_name`,`p_count`,`p_price`,`p_img`,`p_img2`,`p_img3`,`c_id`) VALUES ('1116','aaa',0,0,X'FFD8FFE000104A46494600010100000100010000FFDB00840009060713131215131212161515171517161617181818151617151517161615161517181D2820181A251D151522312125292B2E2E2E171F3338332D37282D2E2B010A0A0A0E0D0E171010152B1D15192B2B2D2D2D2B2B2B2D2D2D2B2D2B2D372D2B2D2D2D2B2B2D2D372B2B2D2D2B2D372D372D2B2B2D2B2B2B2D2B2B2B2B2B2D2BFFC000110800E100E103012200021101031101FFC4001B00000105010100000000000000000000000400010203050607FFC4003D10000103020404030506060104030000000100021103210412314105516171132281063291A1B1144252C1D1F015236272E1F182073392A24353B2FFC400190100030101010000000000000000000000000102030405FFC400221101010101000202010501000000000000000111021221033113041441516181FFDA000C03010002110311003F00F4994A52849763129493248C248B932609201D294C9201424124900E5304E90481A14C312015AC4043C2485344B4272C53A611D4D3644606734DE123C86032D4884678499F491E430284F0A4E694C13D068494DAC5234920AE52CCA7E1A673101025465394C80529D34A74028492949511A13C2413809E9A39536556249692B84C42B61472A34210942784C9822532784B2A024C2AC055329C392A0482AF6BD08D2AD0545870487A94A1B3242AA8C312541CAB155273D0667049AC9515631C9858DA4AC0D500F4F9D2345C02A2A2B5C55151385543828277A84AB4A509D42524C8E0A4A329E5592529E5569C1404C393E65094D9918356E64B3AAB3259918356CA8950053E6460D4C2454414B329BCD3D390A30A529D21A882AC0F502140B5186BF3A62E544A45E8C2D59E227155525C9B327E234507A907A1D854C15162A55E1DC94C39500A7CCA54B8B95751473244A655438A8AB1CA9215C4549326CDD52578472929E544329084F642092991A70AAA7D0212F2879544A892AFF0D3786AA5858A144A27228E44692A6B4952CA42B9A15A14DEF15390D94A89279228909013122C77D0DACB3FCD355F8C2F88978AA588A61A0B8DC004BA3603FD21AA388A66AD319C06E66FF576F457F9392F0E97F88A61EA8A9877013B6C7F24D56939A46A645BE13655BCDFE53EE7DAF9512860F4DE214FC0BC963DD0AB355226540C2B9137A5EDACAC65742E6090295E21CE87F8A9BC641950F114FE23F3680A89CD440B6B291AAA6FC6AF210F7A1DEF291A89E414E73856AA9292B2C92BDFF09AED00AB98C0816B95ECA9D572D6B06C24EA72A14CD958149E07753843540B40854D5A6AF9E8AC032A32A6F54D53360E6B4F5B5F6F4855DFC9399B5338B52353AFFB5557C4E560711F7AF702C74286C6F156D3229B8B331205ED9493133C964F16A9E287B5F4E5B218E8F780D8380D5B3BAE3F93E5F2FA74F1F18FE398814A9BCB8D9C20106209BB0CEC65636378E5602A50AA1D4CFD9DD95E41BBA3507730ABC2F04736A80D739D8723296BFCCDCBA6533C8E8B45D8682DA4E74B58632B8C9691766426FAC08E4B2BFEB5F18AF0DC7F360E9D67BE2A18823F140DB704C841E2AA622957C3E1E8921AECCF8D8E62737C392CDE2CEA187146AD282CA7887D3A94DDF75AE222DAD8FD11781F69271ECC3D9E33D8B879A9B08930797EA90CFE9B98AC4BE90AD54549631EE0E6F22D804808EC271673DAC753682C2CFF00C0E994F52BCDF8862DCCC5D4A2F96B2AD5787DED943839AE076F2D968F06E22EAD4DD4E890C65334836F724B9AE249E605D54B615E77EDE89518D1A8B86CC0FE912552CAD4DE3CBC8389D803FB2B06871C753702733A03DD6D086BB239BDC6BD91914AA550D2E3E26592D063C8E32DCC3A05ACF9FA8CAFC51A0F6C2ADCD09B13C528B4B29B9C3339D945F5EB1C8225B4079858DE2779E4BAF8FD4CBF6E7EFE0B02984C4AB450F827F05754B2B0CAA547C345370EA668A728C0418A61A89F0538624302B42900890CE4AEA7853C94DEA43934065496AFD80A753E7C9F8D079958C2875635CB2B1ACA3A9D4560AA806B9580AC6C58F6D551C457CAD26262F6D7D10A1C85C4621BF7A637E5DD4F57C55CCD46BE21AE208061D11EBA183BA02B620879F103808009B653CC8954F1006BB086466176BAFE198E6E1A15CB3F0D5EA3E3192E682416B1CE6BD8D9D45FCE22FCD72F5D5B5B4E60DE35C2CB6BB310C399F1769199B51BCDB3BC6A87E35C6B18D735F429E76D9AF03A7DD74DC48FC968605CC27CAE2FA6CB87B1C49691F75ED26D6E9BAB9EEA82BB982A537D27B61CD0432AF3691A17036D06C92D8DEC8FB4E48AF45C1E1EC73EAD36BAC4B0CE6A57D48BDBA217DA0C08C5B062A8D62D7369B4D4024CE5D1CE02F205A75B23B8F627353FE506D3C5D28739AF6869A8DFE92E893F55CFE0B11886E240134EA3DA7C27810D738827C3AA3412645C6A9FD989F681AFAA0D4A8D07C3A4C73DC357D223FF0092352DE7CA117C57D9CB3EA53A9FCFF099E19FC4DD5A41DED63D96561BDA3AF52A5560A21B886882D88195A21D4DCD368D7E4BACE0AFA55E8615EDB7D9C0813A5A4B1DEA611A4C4A948D4A384A8E6CB9B26B0D73B4C2DAE17C05B87A52C6DC3C483CC1F7BE2AB1C698DC2E67303981CF766883E1E6718B6F30164FB49ED1B9D5F04EA2EF256349EF00EE089079584A9DB42FA345CDE26F638914CD396DC82E3065D3CDC754F5FC7AAD388A4E0DAA1A1B59CDFBC048CA39445FB2D0E318CA62A9C5541E5634B845C934CB8816D88015980F68195039B4D92EF10BAA362F91CD04DB9DE3E29864E0312F77D9659FCD65378CE7EF4BA0992BA17E3E9B312067065BE407DD86B9D2E3CFFC258D75034603C34786E6B20DEE2411F0F8AE3BDA0C65373705E27F2DC29F88F6E845378F2B5FD447CD128CFEDEA183C634887DB5C9FD435047C55F5A7EEFC37F55CB9E2CC7C511EFBE88C840F7185A32E63B4946F06E261E33670010D398EF32D0397DD9EE569C7CBD7359F5F1CB1AB2E4C1AE44B5FAD859404AF43E3F9E74E4EBE3C56E69559A65105D099CE573E445E16E00006EB6A9B6CB0B0D520AD3A38AE6B1F9375A71E8665E8921FED639A4B25B0E989DD396AE5A93CECE3039153671170D1FF1594FD649F6DBF6B7F874B9E149AF5C8D5C43C9BB8A2F078BBFBE7B734BF772DFA1FB7B1B78BA922248BECB9DE2FC52A36A0A605414F42E0D0F69EED22E3B147629C5C0BA648D86B1D39AE7F8D609E58D7532F60201263CAD3CCFE1EEA3BEBCAAB8E7150E1ED25EFC262DD4C93E76662EA45DBE669BD3950C071C879656C2D504C36A06CB999C5854618B480147075710066A9FCECBC8B1E5CD1C9CDBB84734661FDA8C2307BED6BBFF00ACCB48E621CA560319C6DD41E3C034DB9BCA1CF6786FC9C9FA070B9D5647B5DC39C1A0D4F1018CC2C5CC8370693DBA765A3ED47B64CAA0516D0639B101B519304FE131284C2715F06936990721043A81F331A4E85A756F644818F4B8A5575014EB9F1D823C37974D4645A1AFF7818E6BA4A344B68B5CE7F88043A99A96A8C3AB58E22F1B07751A2C1C4E369171CB41B949D397AA963F88B6AD314C986B6CDBDDBD01D61161B7FDA8AEC754A78AA514F15975DAAB40F75E37A8D320FA2E6BD8EE34FF00B4BD8F13E3171206CF02098F455FB45C5FC5C3D263C7F35911507DE8363DF4BA0F84D67E1DECC4812E6F9C72262E3EA9961F85E26ABE9D5A65E72D463F24E85C5D24475994F84069D721E2ED69A6C1CAA16641FAA9F12E20DA945B518DCA731740D9D9891DADF450E31C43C47B6B30438E4A8EE8FCA263B99296EAB1A75B8E54A942AF842034D263779A8C0D6C76B4A13F8ABB078CAC590F731A1A5CEBEC0BC9E449959F4FC4A349D33724B47F56B3F341E25A4B6A419D5EF76B2397AAA274DED07B461FE09A396258720D5A5865E0F49FAAAF88386231352B3E4D2A74F3319F79F02C3B4CACD6E09B40D2AA6E1FE68E4D8833D56F32BD207C7800BCE5C933958E248CDD6FA74536E7D1C86C662AA52C3D4A99C0AB52A3262D0C149B0D1C9A2C8FF6438C67F0856114E8B040FC4F921A5DD006AC0C160DF5DF880EDBCB3B011007784650C5B58CAD429B766333FE1196E7E652B458F42A1ED0F89892D0DCCD60125A6D26E4D48DF905D1E1F8BD126330049803E90BCDBD9CAECA538707CB21C72DDEE10353B2D06633254735AD9701EF1BE52EF316B27768804F755C5CBE99F5CC7A2B9A0DD56E62CCF67F165D45A4EBA5FA775A0EC485D7CDB639BA9ED1C8511447342FDA159F694ED2F42F284909F6A4921ACA185A62ED2024EE1EC2363F5560C30E6A6DA71A2F136BD1F5FD82FE1ED16BA87D9D8D32365A269F5BA071A4B7717D77F92D7E3DD4F5639FC5D5F3667547B6F600836EDA20B158A2FF00E4369BB10D3707C5F0EA367617063A23B11421C5DE286B4FBD9DC600FE96CD963D4AD4DD57296BAA336AADCF008DFCA6174B36562B80E1DC7CAE7E16A837655CC0CF3CDB8EA8DE2185A4DA45AEC634BC098700F693B105C098F544F19C3B7FEE56C4621A2065A912D68D844495CDBF078693E1B9F8A3CF23B20E84112D5462307C7EA784F63E9D17068391C1995CD2776ED1D96478D37324EE79F5EA518DBB0D9BD048B748374218802F2AA0351E716FA770AD7D19B88E9087A8C7B7CCD9EE3F34770A9AB2221E05C0B077A7E88A342E21E0D3CAF6CC1F2BB76E920F4DD5D58E5C3E537034FE971FBBFBE68C76122CE69836320911D93D5C0E511AB08CAE06F1C883BACED5465B704EF09CC68F2B9CD9E863CA7D42B5B83398363C85ACCDFF001001F98856BE8D4A4D1AED3E876FDEC89A6D7E77B00B96388F505E23E295D54C67B6B3B12FF3086B64F2E9F921EBD705AF637CADCDE63CE2CD016D6378739B58B9A3CA4027FB4E53F994461780B48022E1C49EAE80512E0BF4E6062AAE50D71227DC9D7A4720B4DB802CA023DE2F06FD2E0FCB5463B85C97BAA7BE2A0239C403089F01DE59162D0D1FF3970F9108BECE7A575B1AEFE5D2A63CD59C5CF8D4ED27B049D860DA4F73C4B9EE73F28B00D0034663CAD645FB3BC2C963EA1B38934C3B70D98765F49527E19EE73CB9A7C390D6B74CD16F5014FB1B195C26ABB3165377BD97C5ABD009224FC1750DA94A9BBDFF0011C3EE892D69D65EEDFB2C9C3FB3A6AD48CD969B750DB0EA3A95AD4B0ECA6452A6C81207944EF72E3B94F515D7707AF141B9BDF2335EDAE89AAF1033EEABF855382E6DDB2352E93A6C068149FC3A4DDF328FCD79FA4784AA0E2C0890559F6D6013759FC4387D517A6E951C1E736732E113F55D41F8634BF8833AA487F0CFE14957EF3AFE8FF046A06FAA6F4B262F541ACDDEEB9142891BC2E7B8B53755B36B78507A49F5E4B56AD7DDB65C8E3EB4D426BD668683E50D0338E970B7F8F945058DA618671591ECE65CC0E039802E564632AD1634BF87BF117B9CB51D91BD7223B89F07A1565ED06A93BBDE401D2047C966F01E0D46938D4A8F0F7498653B31BD093AADA40B787F1FC4D76F879ECE10E73A6A3FB86E83E0AE6710A74D8EA4EA95AA1022F14E9CF56B00CDEA4AA2B62F0A6A92EAA0307DCA61ADFF00CDF088F0C3FCD0D6D3FBA2FEE8DD071854A8B5873BBD099F9042543075DE7BAEB6A50A45B620123A15915B83BB5047AA72855C31C49B1BF2899F55D6E0F8631DE62CC8ED9CDB5F995CB70BE1AF0E19E992D9D60FC885DDE0B041A25A4FC498E7328B5355D6C3027CC2F113B1EFFAA06B70B6BA7B411B8E47F395BB9F9CAA6A46B6EFCD4E425785E1AD2D875CC026DA9020C7554E2F838610F027239B31F8091AF4DBD16950AC34E46C7AAD165419A7EEBAC42425AE778870E87006ED20413FD3A0ED07E48CE0B816971DCB4B847528EC5B01F2F5CA3B9D12E0F472C3B9FD46BF45163567F1CC05FDCD5CD3A5CD801F9A2317C325B95A3CC4E46F3B00091DB45A38E1355879E63FFB085B581A00106C79773729C4DAC6C37060C029B07958D009FC4ED4A63C286A4680868EBCFA92574CE0D00DB7F9FE6A80D19934ED64E1781C340D2DA3473D42C41C20B6AE639AD6198CDBB6817A0536DB6FDF35998DC28718227A6C81A0285C7BA00DAC01F96AA35691D44A38D22C6FBB6E634086F167658F51528312372A61E88796A62428B0F55F8892B7CA92587A4FA2399558C0B4AB877253662B5B223D82C7516D369D7D365C56338886025B2013AD4807D3300BBBC7D4390C831AC82BCFF8DBC07B49A59A0E6398662D034B735A704C9E2F5DD59FE19C4BA9C8F766E79CE5D02AF03870186861C3AB1D1F59C4368B798045DD08CA38165626AE2290A40E8D265E6798E686C3F0FAF4DE323C31A4F9586F91BCE362B4D35980F656830E678F100363101C7FA46802E9A970E618F2E5DF2998F41A2A70D45F2DF2971E66FDC995B2D16B6BD349EE9A6D06386536DADFE7B21F11811B4759FD16B7D9F7FDFC550FC283A09FDF348A566D0E1EE996C8EB36F82D5A6C23517DE15D84A31D13D69DA7E28309893BFCD60717E21E1B09365A98CA87F7BAE07DB3AC7CA06937449A62387FB5FE6871B7EEEBB0E1FC6039B7FD85E3CD7076D046E1753C06BB9A03A4E9A731C8AAEB8C839BAF4E7D70E8748DAFB9E451D83AF2206916EFBAE3B0B8C22D683A4ADDE1B25A6351759635C6C53A9244C588BF44751C68CCE03631FEBE6B9CA60C8FC22D3CCEC9CE24B41004B893FF001848AC6871AF695B406673872689F45B1C17181ED6BB59DF6F45E07ED471379C4F9BCD93406E2D7D17A0FF00D25E2CFAC6B308860870E41C6643790D15DE326A2DFE1EB14DB6D955518D3BFC14F0F165754A614C406AB4DB97A2C3AF48027295B78D2D0DF33411DA573B5DCC9F2E9D3F453DAB949CD5136DD0CEAC7625485758E345D9CF44953E2B52461EA3F6ED6EA2389367E8B21EF317B7ACA16B5702755D39186B77158D2E690D765991369F8AE45E6B673E76D9B2047FECF3B0EE512FC740E9F358DC52AB9EE0C14F3CEA1C4E46F581A955208541C5EECEF7F8867DF240A60F2A6DD4C7E25B540345E493CC40F9EEB2B09449BB80B6968D36ECB419888D74F5B760AB05AD367D773F92BA90738DA40F82129559B9B7D7FC23E9BFFD2442695211CFBE89DC7611D1541D2A6D2A4E274E81DCA8D567F52B849DE10CFA60733DD06C9C7323703E6B8DF68B0DE24B4C748E7F92EBF1F55C6DF40B33F8731DA937D85A7AA35731C1E1F82DE26574981C039ADB85A6FC1318ED328E67EA7A23AA580888264C6855F95A7248CCA74493D8AECF836173346D220ECB2E8604139847A2E87095006F2FDEEB3AB4DBC3DA353A68B3313872C2E04EA2DDAD75AB87C589F786AAEAD836BE5D1127F614FB0F2EF697D992F3E268E3711F55DBFF00D35C136851C8C649265CEE674BAB6A619EFF002968001DE66DDCAD1C053F08CFEFD2344EF56C4D91D6D1108A17080C1E25AE68D8FCCA2E4F24E31B0071275A2C0AE7EBD1124F3F8ADAE266751FA8F558F52938750B3F92AF90C70E364CFA477D1585A47DDBA76B964D02E449159D24B03927D49EF1AA14D4D8EBFBD51551B16D8041D4E53D7D39AE99D31F1078A7DADEBC8F40B2712493EF45F9C69A2D8AF713F4FCD0389C10719F8FC3657295F486031B1EF3A4ED79F45A54F1124068BEE4E81603F0D13040E51AC72EEAA662DCCDC91F51D557D93B4A75DA37F545D2C44D9BEBFE4AE270FC4EF075903B1E43F55A785E2C1CFF000DA7CBA970D32F327AF3460762C78E6A41FCBD162E0F161D76C641A7231691CCF545B7133B93FA28C3681AC06B286AF892743655F8B6FD942D62A6AA2D1881CBE290AAD3A01F42832D1FB2A190936FCD10CD8BF7849F9EC88C1D702C6FCA5515C86EA0177D3F550A6FCB726E15CAA82AA627C3060C4AE678DF1E7C80D791E6831F55A7C42B482570F8F3CE4C19B2730574581C45673C8155DF15DC7B2FC65CE8A355DE6D27AEC0F55E42DE255019123EB65D0706E265F543A1C1E4893DB43DD3B2614D7AED70490DD3F347E1FCA20C13D5673C663330A2CAA7733DB5FF002B9FA374B877DB41E88D356DBAC3C01D0CCA2EB626DAC75FC956A2FDA8C53893AFA2181E90A6FAD7B850F1DBD57377D7B6BCC40D5E8A30C3B156666A8168D9D0A253C4BC26754957E19FC63E2927FF0046393A8CBDF53A0DE108EA467436FDC15B0EA60C831D473E77D945F4041DF6F41B2E88CEB10D2D47EE4A1FC013F45B9E091D4EC3BF3507604FA7C5692A2B98AF879D05F5D167D6C25CC37F7BAECBEC045A7E3F241D6C1418227E4B4949C4D5C3106DCB5EBBA67B8B5B946F7204DCEC1DD3A2E9B1182681311172167D4C0EB06FDAF28F2181B078D20799DC8468239346CB6B07C5838E5101BB738EAB9FAF812D3D7E3FB2ABA2C734E97D5DC801A009FA2758EE222728568AD37257134B893C389DE49D01B2B0F117032F7673F87EE831C829BCAA3B11501BC88E7B7C533B1F021BF1DCAE30F13713E624E9A5876013FF00157B4DAC08B6E4FE8A6C5CE75D88ACD02F73B74FF285224EB6D572B531EE035DBE72A34B8C38589D52BCD3FA7586883659588E08E9B42A297197488B8DD174F8CB8DB430A76C3D523809304013D5743ECF7060C707BB50663B2C8A9C48CB7CD7845E171CF205E44D8F31CFE88F23AED598BCC6C8EA14E7B2E57018922C75D96E51C5B8441F4FD54DB138DA6123E96D541B8B74C1648E7CFBA1C57CC2C4023D558DC4E8214DE862EA5881696FA044B2AB7920A7733FAAB03065B6F7D64CA5A04BFC311702533A834EE3E3BA08D468126DCA74F5E4AB970320DB97E695F1195A9F61672F9A4B37ED6FFC4925E87B0A30B3B1BDBFDA9D4C1916104DC47EA8BCC401276EDEBD9444D88337F977DD7448CED0A2935A262E35F4EA93E9004012373DD15500CBBDF96B3D9525A4B6666D13F92002A8DBDF49BC0DFAAA9D8769D8C441E5AFD51E4911613D2FF243D476A083D3BA34466D6C10CD1946589CC7A21AB70E9B8D07C6169B5EE04922C48B299234E5AFA9D12D3C7375785B60CB600BCEE07359F89C036D637E9CBF55D7E229B098E961FE50D8AC20ED023A1D13F218E1F1382A60685A4EDF94ACE7F0F06C365DAE2F040D8B743AA0EA61AD25BCC5D54A1C6E23045A209CBDF655B291208B11B1DE574F570E264DC11170645F6D954DC10FBB13D15791ED8E7C53B011304A1FC2E7F15D18C1C589F4DD2760E206B274EA14E9EB0F0E7A41E7A2D4A0D06D7985A0DC135D78FD7E08AA18568B5AF7E47E2A6D395954DA763247D392D2C2905A2416C5E07344D5E164DC5FE47E5AABE8E1835A01CC3624F3DBD5656AE2186692E813FDC08969EC56B516BEDE6903A6FBCA87F0FA62730873AF237B45B91B2D06604868CB2081A6A0F6ED75975AAFA2C162886990753E6EFA596836B82627EAB3A9E0CCEA64E84E9D8A949077EC77FF00291E46ABAAB6DDF58943D470CC60C7EF543DC4998E40CEBD7928C1700436F7D34B1E6354FEC645EC791A924697DFF444B5AE37023D6E3F550761CC6D3F7A4F97BA05D871A19E9720FF00A5385E9A5E1D5FC43E01258FFC39DCFE47F54E8C1E9D1D5D4AAF86FB9FF12924BB9CD52A1A7A2833DDF5492502A5574F87D508CF787749248E06C56AFF004FA84050F79DFBDC2649234DDA8EC88ABEE7A14E922002FF0077E3F5287A9B2492B819AFFBDE9F9AAE8EC92482A0DFEF9FEEFC941DAFA94924E98CC1FBBF1FCD12EF74FF00624928A6D4A1FF006C7EF64654FBDD9A924B2AB81F8B683BAD2E0BFF006DBD9324974AEBE8AA68EFEEFD1595B56F73F40924A614FA2C4FB87B1FAABF0FA1FEEFD12491167A5EEFEF92435F87FF009092484D5E9249209FFFD9',X'FFD8FFE000104A46494600010100000100010000FFDB00840009060713131215131212161515171517161617181818151617151517161615161517181D2820181A251D151522312125292B2E2E2E171F3338332D37282D2E2B010A0A0A0E0D0E171010152B1D15192B2B2D2D2D2B2B2B2D2D2D2B2D2B2D372D2B2D2D2D2B2B2D2D372B2B2D2D2B2D372D372D2B2B2D2B2B2B2D2B2B2B2B2B2D2BFFC000110800E100E103012200021101031101FFC4001B00000105010100000000000000000000000400010203050607FFC4003D10000103020404030506060104030000000100021103210412314105516171132281063291A1B1144252C1D1F015236272E1F182073392A24353B2FFC400190100030101010000000000000000000000000102030405FFC400221101010101000202010501000000000000000111021221033113041441516181FFDA000C03010002110311003F00F4994A52849763129493248C248B932609201D294C9201424124900E5304E90481A14C312015AC4043C2485344B4272C53A611D4D3644606734DE123C86032D4884678499F491E430284F0A4E694C13D068494DAC5234920AE52CCA7E1A673101025465394C80529D34A74028492949511A13C2413809E9A39536556249692B84C42B61472A34210942784C9822532784B2A024C2AC055329C392A0482AF6BD08D2AD0545870487A94A1B3242AA8C312541CAB155273D0667049AC9515631C9858DA4AC0D500F4F9D2345C02A2A2B5C55151385543828277A84AB4A509D42524C8E0A4A329E5592529E5569C1404C393E65094D9918356E64B3AAB3259918356CA8950053E6460D4C2454414B329BCD3D390A30A529D21A882AC0F502140B5186BF3A62E544A45E8C2D59E227155525C9B327E234507A907A1D854C15162A55E1DC94C39500A7CCA54B8B95751473244A655438A8AB1CA9215C4549326CDD52578472929E544329084F642092991A70AAA7D0212F2879544A892AFF0D3786AA5858A144A27228E44692A6B4952CA42B9A15A14DEF15390D94A89279228909013122C77D0DACB3FCD355F8C2F88978AA588A61A0B8DC004BA3603FD21AA388A66AD319C06E66FF576F457F9392F0E97F88A61EA8A9877013B6C7F24D56939A46A645BE13655BCDFE53EE7DAF9512860F4DE214FC0BC963DD0AB355226540C2B9137A5EDACAC65742E6090295E21CE87F8A9BC641950F114FE23F3680A89CD440B6B291AAA6FC6AF210F7A1DEF291A89E414E73856AA9292B2C92BDFF09AED00AB98C0816B95ECA9D572D6B06C24EA72A14CD958149E07753843540B40854D5A6AF9E8AC032A32A6F54D53360E6B4F5B5F6F4855DFC9399B5338B52353AFFB5557C4E560711F7AF702C74286C6F156D3229B8B331205ED9493133C964F16A9E287B5F4E5B218E8F780D8380D5B3BAE3F93E5F2FA74F1F18FE398814A9BCB8D9C20106209BB0CEC65636378E5602A50AA1D4CFD9DD95E41BBA3507730ABC2F04736A80D739D8723296BFCCDCBA6533C8E8B45D8682DA4E74B58632B8C9691766426FAC08E4B2BFEB5F18AF0DC7F360E9D67BE2A18823F140DB704C841E2AA622957C3E1E8921AECCF8D8E62737C392CDE2CEA187146AD282CA7887D3A94DDF75AE222DAD8FD11781F69271ECC3D9E33D8B879A9B08930797EA90CFE9B98AC4BE90AD54549631EE0E6F22D804808EC271673DAC753682C2CFF00C0E994F52BCDF8862DCCC5D4A2F96B2AD5787DED943839AE076F2D968F06E22EAD4DD4E890C65334836F724B9AE249E605D54B615E77EDE89518D1A8B86CC0FE912552CAD4DE3CBC8389D803FB2B06871C753702733A03DD6D086BB239BDC6BD91914AA550D2E3E26592D063C8E32DCC3A05ACF9FA8CAFC51A0F6C2ADCD09B13C528B4B29B9C3339D945F5EB1C8225B4079858DE2779E4BAF8FD4CBF6E7EFE0B02984C4AB450F827F05754B2B0CAA547C345370EA668A728C0418A61A89F0538624302B42900890CE4AEA7853C94DEA43934065496AFD80A753E7C9F8D079958C2875635CB2B1ACA3A9D4560AA806B9580AC6C58F6D551C457CAD26262F6D7D10A1C85C4621BF7A637E5DD4F57C55CCD46BE21AE208061D11EBA183BA02B620879F103808009B653CC8954F1006BB086466176BAFE198E6E1A15CB3F0D5EA3E3192E682416B1CE6BD8D9D45FCE22FCD72F5D5B5B4E60DE35C2CB6BB310C399F1769199B51BCDB3BC6A87E35C6B18D735F429E76D9AF03A7DD74DC48FC968605CC27CAE2FA6CB87B1C49691F75ED26D6E9BAB9EEA82BB982A537D27B61CD0432AF3691A17036D06C92D8DEC8FB4E48AF45C1E1EC73EAD36BAC4B0CE6A57D48BDBA217DA0C08C5B062A8D62D7369B4D4024CE5D1CE02F205A75B23B8F627353FE506D3C5D28739AF6869A8DFE92E893F55CFE0B11886E240134EA3DA7C27810D738827C3AA3412645C6A9FD989F681AFAA0D4A8D07C3A4C73DC357D223FF0092352DE7CA117C57D9CB3EA53A9FCFF099E19FC4DD5A41DED63D96561BDA3AF52A5560A21B886882D88195A21D4DCD368D7E4BACE0AFA55E8615EDB7D9C0813A5A4B1DEA611A4C4A948D4A384A8E6CB9B26B0D73B4C2DAE17C05B87A52C6DC3C483CC1F7BE2AB1C698DC2E67303981CF766883E1E6718B6F30164FB49ED1B9D5F04EA2EF256349EF00EE089079584A9DB42FA345CDE26F638914CD396DC82E3065D3CDC754F5FC7AAD388A4E0DAA1A1B59CDFBC048CA39445FB2D0E318CA62A9C5541E5634B845C934CB8816D88015980F68195039B4D92EF10BAA362F91CD04DB9DE3E29864E0312F77D9659FCD65378CE7EF4BA0992BA17E3E9B312067065BE407DD86B9D2E3CFFC258D75034603C34786E6B20DEE2411F0F8AE3BDA0C65373705E27F2DC29F88F6E845378F2B5FD447CD128CFEDEA183C634887DB5C9FD435047C55F5A7EEFC37F55CB9E2CC7C511EFBE88C840F7185A32E63B4946F06E261E33670010D398EF32D0397DD9EE569C7CBD7359F5F1CB1AB2E4C1AE44B5FAD859404AF43E3F9E74E4EBE3C56E69559A65105D099CE573E445E16E00006EB6A9B6CB0B0D520AD3A38AE6B1F9375A71E8665E8921FED639A4B25B0E989DD396AE5A93CECE3039153671170D1FF1594FD649F6DBF6B7F874B9E149AF5C8D5C43C9BB8A2F078BBFBE7B734BF772DFA1FB7B1B78BA922248BECB9DE2FC52A36A0A605414F42E0D0F69EED22E3B147629C5C0BA648D86B1D39AE7F8D609E58D7532F60201263CAD3CCFE1EEA3BEBCAAB8E7150E1ED25EFC262DD4C93E76662EA45DBE669BD3950C071C879656C2D504C36A06CB999C5854618B480147075710066A9FCECBC8B1E5CD1C9CDBB84734661FDA8C2307BED6BBFF00ACCB48E621CA560319C6DD41E3C034DB9BCA1CF6786FC9C9FA070B9D5647B5DC39C1A0D4F1018CC2C5CC8370693DBA765A3ED47B64CAA0516D0639B101B519304FE131284C2715F06936990721043A81F331A4E85A756F644818F4B8A5575014EB9F1D823C37974D4645A1AFF7818E6BA4A344B68B5CE7F88043A99A96A8C3AB58E22F1B07751A2C1C4E369171CB41B949D397AA963F88B6AD314C986B6CDBDDBD01D61161B7FDA8AEC754A78AA514F15975DAAB40F75E37A8D320FA2E6BD8EE34FF00B4BD8F13E3171206CF02098F455FB45C5FC5C3D263C7F35911507DE8363DF4BA0F84D67E1DECC4812E6F9C72262E3EA9961F85E26ABE9D5A65E72D463F24E85C5D24475994F84069D721E2ED69A6C1CAA16641FAA9F12E20DA945B518DCA731740D9D9891DADF450E31C43C47B6B30438E4A8EE8FCA263B99296EAB1A75B8E54A942AF842034D263779A8C0D6C76B4A13F8ABB078CAC590F731A1A5CEBEC0BC9E449959F4FC4A349D33724B47F56B3F341E25A4B6A419D5EF76B2397AAA274DED07B461FE09A396258720D5A5865E0F49FAAAF88386231352B3E4D2A74F3319F79F02C3B4CACD6E09B40D2AA6E1FE68E4D8833D56F32BD207C7800BCE5C933958E248CDD6FA74536E7D1C86C662AA52C3D4A99C0AB52A3262D0C149B0D1C9A2C8FF6438C67F0856114E8B040FC4F921A5DD006AC0C160DF5DF880EDBCB3B011007784650C5B58CAD429B766333FE1196E7E652B458F42A1ED0F89892D0DCCD60125A6D26E4D48DF905D1E1F8BD126330049803E90BCDBD9CAECA538707CB21C72DDEE10353B2D06633254735AD9701EF1BE52EF316B27768804F755C5CBE99F5CC7A2B9A0DD56E62CCF67F165D45A4EBA5FA775A0EC485D7CDB639BA9ED1C8511447342FDA159F694ED2F42F284909F6A4921ACA185A62ED2024EE1EC2363F5560C30E6A6DA71A2F136BD1F5FD82FE1ED16BA87D9D8D32365A269F5BA071A4B7717D77F92D7E3DD4F5639FC5D5F3667547B6F600836EDA20B158A2FF00E4369BB10D3707C5F0EA367617063A23B11421C5DE286B4FBD9DC600FE96CD963D4AD4DD57296BAA336AADCF008DFCA6174B36562B80E1DC7CAE7E16A837655CC0CF3CDB8EA8DE2185A4DA45AEC634BC098700F693B105C098F544F19C3B7FEE56C4621A2065A912D68D844495CDBF078693E1B9F8A3CF23B20E84112D5462307C7EA784F63E9D17068391C1995CD2776ED1D96478D37324EE79F5EA518DBB0D9BD048B748374218802F2AA0351E716FA770AD7D19B88E9087A8C7B7CCD9EE3F34770A9AB2221E05C0B077A7E88A342E21E0D3CAF6CC1F2BB76E920F4DD5D58E5C3E537034FE971FBBFBE68C76122CE69836320911D93D5C0E511AB08CAE06F1C883BACED5465B704EF09CC68F2B9CD9E863CA7D42B5B83398363C85ACCDFF001001F98856BE8D4A4D1AED3E876FDEC89A6D7E77B00B96388F505E23E295D54C67B6B3B12FF3086B64F2E9F921EBD705AF637CADCDE63CE2CD016D6378739B58B9A3CA4027FB4E53F994461780B48022E1C49EAE80512E0BF4E6062AAE50D71227DC9D7A4720B4DB802CA023DE2F06FD2E0FCB5463B85C97BAA7BE2A0239C403089F01DE59162D0D1FF3970F9108BECE7A575B1AEFE5D2A63CD59C5CF8D4ED27B049D860DA4F73C4B9EE73F28B00D0034663CAD645FB3BC2C963EA1B38934C3B70D98765F49527E19EE73CB9A7C390D6B74CD16F5014FB1B195C26ABB3165377BD97C5ABD009224FC1750DA94A9BBDFF0011C3EE892D69D65EEDFB2C9C3FB3A6AD48CD969B750DB0EA3A95AD4B0ECA6452A6C81207944EF72E3B94F515D7707AF141B9BDF2335EDAE89AAF1033EEABF855382E6DDB2352E93A6C068149FC3A4DDF328FCD79FA4784AA0E2C0890559F6D6013759FC4387D517A6E951C1E736732E113F55D41F8634BF8833AA487F0CFE14957EF3AFE8FF046A06FAA6F4B262F541ACDDEEB9142891BC2E7B8B53755B36B78507A49F5E4B56AD7DDB65C8E3EB4D426BD668683E50D0338E970B7F8F945058DA618671591ECE65CC0E039802E564632AD1634BF87BF117B9CB51D91BD7223B89F07A1565ED06A93BBDE401D2047C966F01E0D46938D4A8F0F7498653B31BD093AADA40B787F1FC4D76F879ECE10E73A6A3FB86E83E0AE6710A74D8EA4EA95AA1022F14E9CF56B00CDEA4AA2B62F0A6A92EAA0307DCA61ADFF00CDF088F0C3FCD0D6D3FBA2FEE8DD071854A8B5873BBD099F9042543075DE7BAEB6A50A45B620123A15915B83BB5047AA72855C31C49B1BF2899F55D6E0F8631DE62CC8ED9CDB5F995CB70BE1AF0E19E992D9D60FC885DDE0B041A25A4FC498E7328B5355D6C3027CC2F113B1EFFAA06B70B6BA7B411B8E47F395BB9F9CAA6A46B6EFCD4E425785E1AD2D875CC026DA9020C7554E2F838610F027239B31F8091AF4DBD16950AC34E46C7AAD165419A7EEBAC42425AE778870E87006ED20413FD3A0ED07E48CE0B816971DCB4B847528EC5B01F2F5CA3B9D12E0F472C3B9FD46BF45163567F1CC05FDCD5CD3A5CD801F9A2317C325B95A3CC4E46F3B00091DB45A38E1355879E63FFB085B581A00106C79773729C4DAC6C37060C029B07958D009FC4ED4A63C286A4680868EBCFA92574CE0D00DB7F9FE6A80D19934ED64E1781C340D2DA3473D42C41C20B6AE639AD6198CDBB6817A0536DB6FDF35998DC28718227A6C81A0285C7BA00DAC01F96AA35691D44A38D22C6FBB6E634086F167658F51528312372A61E88796A62428B0F55F8892B7CA92587A4FA2399558C0B4AB877253662B5B223D82C7516D369D7D365C56338886025B2013AD4807D3300BBBC7D4390C831AC82BCFF8DBC07B49A59A0E6398662D034B735A704C9E2F5DD59FE19C4BA9C8F766E79CE5D02AF03870186861C3AB1D1F59C4368B798045DD08CA38165626AE2290A40E8D265E6798E686C3F0FAF4DE323C31A4F9586F91BCE362B4D35980F656830E678F100363101C7FA46802E9A970E618F2E5DF2998F41A2A70D45F2DF2971E66FDC995B2D16B6BD349EE9A6D06386536DADFE7B21F11811B4759FD16B7D9F7FDFC550FC283A09FDF348A566D0E1EE996C8EB36F82D5A6C23517DE15D84A31D13D69DA7E28309893BFCD60717E21E1B09365A98CA87F7BAE07DB3AC7CA06937449A62387FB5FE6871B7EEEBB0E1FC6039B7FD85E3CD7076D046E1753C06BB9A03A4E9A731C8AAEB8C839BAF4E7D70E8748DAFB9E451D83AF2206916EFBAE3B0B8C22D683A4ADDE1B25A6351759635C6C53A9244C588BF44751C68CCE03631FEBE6B9CA60C8FC22D3CCEC9CE24B41004B893FF001848AC6871AF695B406673872689F45B1C17181ED6BB59DF6F45E07ED471379C4F9BCD93406E2D7D17A0FF00D25E2CFAC6B308860870E41C6643790D15DE326A2DFE1EB14DB6D955518D3BFC14F0F165754A614C406AB4DB97A2C3AF48027295B78D2D0DF33411DA573B5DCC9F2E9D3F453DAB949CD5136DD0CEAC7625485758E345D9CF44953E2B52461EA3F6ED6EA2389367E8B21EF317B7ACA16B5702755D39186B77158D2E690D765991369F8AE45E6B673E76D9B2047FECF3B0EE512FC740E9F358DC52AB9EE0C14F3CEA1C4E46F581A955208541C5EECEF7F8867DF240A60F2A6DD4C7E25B540345E493CC40F9EEB2B09449BB80B6968D36ECB419888D74F5B760AB05AD367D773F92BA90738DA40F82129559B9B7D7FC23E9BFFD2442695211CFBE89DC7611D1541D2A6D2A4E274E81DCA8D567F52B849DE10CFA60733DD06C9C7323703E6B8DF68B0DE24B4C748E7F92EBF1F55C6DF40B33F8731DA937D85A7AA35731C1E1F82DE26574981C039ADB85A6FC1318ED328E67EA7A23AA580888264C6855F95A7248CCA74493D8AECF836173346D220ECB2E8604139847A2E87095006F2FDEEB3AB4DBC3DA353A68B3313872C2E04EA2DDAD75AB87C589F786AAEAD836BE5D1127F614FB0F2EF697D992F3E268E3711F55DBFF00D35C136851C8C649265CEE674BAB6A619EFF002968001DE66DDCAD1C053F08CFEFD2344EF56C4D91D6D1108A17080C1E25AE68D8FCCA2E4F24E31B0071275A2C0AE7EBD1124F3F8ADAE266751FA8F558F52938750B3F92AF90C70E364CFA477D1585A47DDBA76B964D02E449159D24B03927D49EF1AA14D4D8EBFBD51551B16D8041D4E53D7D39AE99D31F1078A7DADEBC8F40B2712493EF45F9C69A2D8AF713F4FCD0389C10719F8FC3657295F486031B1EF3A4ED79F45A54F1124068BEE4E81603F0D13040E51AC72EEAA662DCCDC91F51D557D93B4A75DA37F545D2C44D9BEBFE4AE270FC4EF075903B1E43F55A785E2C1CFF000DA7CBA970D32F327AF3460762C78E6A41FCBD162E0F161D76C641A7231691CCF545B7133B93FA28C3681AC06B286AF892743655F8B6FD942D62A6AA2D1881CBE290AAD3A01F42832D1FB2A190936FCD10CD8BF7849F9EC88C1D702C6FCA5515C86EA0177D3F550A6FCB726E15CAA82AA627C3060C4AE678DF1E7C80D791E6831F55A7C42B482570F8F3CE4C19B2730574581C45673C8155DF15DC7B2FC65CE8A355DE6D27AEC0F55E42DE255019123EB65D0706E265F543A1C1E4893DB43DD3B2614D7AED70490DD3F347E1FCA20C13D5673C663330A2CAA7733DB5FF002B9FA374B877DB41E88D356DBAC3C01D0CCA2EB626DAC75FC956A2FDA8C53893AFA2181E90A6FAD7B850F1DBD57377D7B6BCC40D5E8A30C3B156666A8168D9D0A253C4BC26754957E19FC63E2927FF0046393A8CBDF53A0DE108EA467436FDC15B0EA60C831D473E77D945F4041DF6F41B2E88CEB10D2D47EE4A1FC013F45B9E091D4EC3BF3507604FA7C5692A2B98AF879D05F5D167D6C25CC37F7BAECBEC045A7E3F241D6C1418227E4B4949C4D5C3106DCB5EBBA67B8B5B946F7204DCEC1DD3A2E9B1182681311172167D4C0EB06FDAF28F2181B078D20799DC8468239346CB6B07C5838E5101BB738EAB9FAF812D3D7E3FB2ABA2C734E97D5DC801A009FA2758EE222728568AD37257134B893C389DE49D01B2B0F117032F7673F87EE831C829BCAA3B11501BC88E7B7C533B1F021BF1DCAE30F13713E624E9A5876013FF00157B4DAC08B6E4FE8A6C5CE75D88ACD02F73B74FF285224EB6D572B531EE035DBE72A34B8C38589D52BCD3FA7586883659588E08E9B42A297197488B8DD174F8CB8DB430A76C3D523809304013D5743ECF7060C707BB50663B2C8A9C48CB7CD7845E171CF205E44D8F31CFE88F23AED598BCC6C8EA14E7B2E57018922C75D96E51C5B8441F4FD54DB138DA6123E96D541B8B74C1648E7CFBA1C57CC2C4023D558DC4E8214DE862EA5881696FA044B2AB7920A7733FAAB03065B6F7D64CA5A04BFC311702533A834EE3E3BA08D468126DCA74F5E4AB970320DB97E695F1195A9F61672F9A4B37ED6FFC4925E87B0A30B3B1BDBFDA9D4C1916104DC47EA8BCC401276EDEBD9444D88337F977DD7448CED0A2935A262E35F4EA93E9004012373DD15500CBBDF96B3D9525A4B6666D13F92002A8DBDF49BC0DFAAA9D8769D8C441E5AFD51E4911613D2FF243D476A083D3BA34466D6C10CD1946589CC7A21AB70E9B8D07C6169B5EE04922C48B299234E5AFA9D12D3C7375785B60CB600BCEE07359F89C036D637E9CBF55D7E229B098E961FE50D8AC20ED023A1D13F218E1F1382A60685A4EDF94ACE7F0F06C365DAE2F040D8B743AA0EA61AD25BCC5D54A1C6E23045A209CBDF655B291208B11B1DE574F570E264DC11170645F6D954DC10FBB13D15791ED8E7C53B011304A1FC2E7F15D18C1C589F4DD2760E206B274EA14E9EB0F0E7A41E7A2D4A0D06D7985A0DC135D78FD7E08AA18568B5AF7E47E2A6D395954DA763247D392D2C2905A2416C5E07344D5E164DC5FE47E5AABE8E1835A01CC3624F3DBD5656AE2186692E813FDC08969EC56B516BEDE6903A6FBCA87F0FA62730873AF237B45B91B2D06604868CB2081A6A0F6ED75975AAFA2C162886990753E6EFA596836B82627EAB3A9E0CCEA64E84E9D8A949077EC77FF00291E46ABAAB6DDF58943D470CC60C7EF543DC4998E40CEBD7928C1700436F7D34B1E6354FEC645EC791A924697DFF444B5AE37023D6E3F550761CC6D3F7A4F97BA05D871A19E9720FF00A5385E9A5E1D5FC43E01258FFC39DCFE47F54E8C1E9D1D5D4AAF86FB9FF12924BB9CD52A1A7A2833DDF5492502A5574F87D508CF787749248E06C56AFF004FA84050F79DFBDC2649234DDA8EC88ABEE7A14E922002FF0077E3F5287A9B2492B819AFFBDE9F9AAE8EC92482A0DFEF9FEEFC941DAFA94924E98CC1FBBF1FCD12EF74FF00624928A6D4A1FF006C7EF64654FBDD9A924B2AB81F8B683BAD2E0BFF006DBD9324974AEBE8AA68EFEEFD1595B56F73F40924A614FA2C4FB87B1FAABF0FA1FEEFD12491167A5EEFEF92435F87FF009092484D5E9249209FFFD9',X'FFD8FFE000104A46494600010100000100010000FFDB00840009060713131215131212161515171517161617181818151617151517161615161517181D2820181A251D151522312125292B2E2E2E171F3338332D37282D2E2B010A0A0A0E0D0E171010152B1D15192B2B2D2D2D2B2B2B2D2D2D2B2D2B2D372D2B2D2D2D2B2B2D2D372B2B2D2D2B2D372D372D2B2B2D2B2B2B2D2B2B2B2B2B2D2BFFC000110800E100E103012200021101031101FFC4001B00000105010100000000000000000000000400010203050607FFC4003D10000103020404030506060104030000000100021103210412314105516171132281063291A1B1144252C1D1F015236272E1F182073392A24353B2FFC400190100030101010000000000000000000000000102030405FFC400221101010101000202010501000000000000000111021221033113041441516181FFDA000C03010002110311003F00F4994A52849763129493248C248B932609201D294C9201424124900E5304E90481A14C312015AC4043C2485344B4272C53A611D4D3644606734DE123C86032D4884678499F491E430284F0A4E694C13D068494DAC5234920AE52CCA7E1A673101025465394C80529D34A74028492949511A13C2413809E9A39536556249692B84C42B61472A34210942784C9822532784B2A024C2AC055329C392A0482AF6BD08D2AD0545870487A94A1B3242AA8C312541CAB155273D0667049AC9515631C9858DA4AC0D500F4F9D2345C02A2A2B5C55151385543828277A84AB4A509D42524C8E0A4A329E5592529E5569C1404C393E65094D9918356E64B3AAB3259918356CA8950053E6460D4C2454414B329BCD3D390A30A529D21A882AC0F502140B5186BF3A62E544A45E8C2D59E227155525C9B327E234507A907A1D854C15162A55E1DC94C39500A7CCA54B8B95751473244A655438A8AB1CA9215C4549326CDD52578472929E544329084F642092991A70AAA7D0212F2879544A892AFF0D3786AA5858A144A27228E44692A6B4952CA42B9A15A14DEF15390D94A89279228909013122C77D0DACB3FCD355F8C2F88978AA588A61A0B8DC004BA3603FD21AA388A66AD319C06E66FF576F457F9392F0E97F88A61EA8A9877013B6C7F24D56939A46A645BE13655BCDFE53EE7DAF9512860F4DE214FC0BC963DD0AB355226540C2B9137A5EDACAC65742E6090295E21CE87F8A9BC641950F114FE23F3680A89CD440B6B291AAA6FC6AF210F7A1DEF291A89E414E73856AA9292B2C92BDFF09AED00AB98C0816B95ECA9D572D6B06C24EA72A14CD958149E07753843540B40854D5A6AF9E8AC032A32A6F54D53360E6B4F5B5F6F4855DFC9399B5338B52353AFFB5557C4E560711F7AF702C74286C6F156D3229B8B331205ED9493133C964F16A9E287B5F4E5B218E8F780D8380D5B3BAE3F93E5F2FA74F1F18FE398814A9BCB8D9C20106209BB0CEC65636378E5602A50AA1D4CFD9DD95E41BBA3507730ABC2F04736A80D739D8723296BFCCDCBA6533C8E8B45D8682DA4E74B58632B8C9691766426FAC08E4B2BFEB5F18AF0DC7F360E9D67BE2A18823F140DB704C841E2AA622957C3E1E8921AECCF8D8E62737C392CDE2CEA187146AD282CA7887D3A94DDF75AE222DAD8FD11781F69271ECC3D9E33D8B879A9B08930797EA90CFE9B98AC4BE90AD54549631EE0E6F22D804808EC271673DAC753682C2CFF00C0E994F52BCDF8862DCCC5D4A2F96B2AD5787DED943839AE076F2D968F06E22EAD4DD4E890C65334836F724B9AE249E605D54B615E77EDE89518D1A8B86CC0FE912552CAD4DE3CBC8389D803FB2B06871C753702733A03DD6D086BB239BDC6BD91914AA550D2E3E26592D063C8E32DCC3A05ACF9FA8CAFC51A0F6C2ADCD09B13C528B4B29B9C3339D945F5EB1C8225B4079858DE2779E4BAF8FD4CBF6E7EFE0B02984C4AB450F827F05754B2B0CAA547C345370EA668A728C0418A61A89F0538624302B42900890CE4AEA7853C94DEA43934065496AFD80A753E7C9F8D079958C2875635CB2B1ACA3A9D4560AA806B9580AC6C58F6D551C457CAD26262F6D7D10A1C85C4621BF7A637E5DD4F57C55CCD46BE21AE208061D11EBA183BA02B620879F103808009B653CC8954F1006BB086466176BAFE198E6E1A15CB3F0D5EA3E3192E682416B1CE6BD8D9D45FCE22FCD72F5D5B5B4E60DE35C2CB6BB310C399F1769199B51BCDB3BC6A87E35C6B18D735F429E76D9AF03A7DD74DC48FC968605CC27CAE2FA6CB87B1C49691F75ED26D6E9BAB9EEA82BB982A537D27B61CD0432AF3691A17036D06C92D8DEC8FB4E48AF45C1E1EC73EAD36BAC4B0CE6A57D48BDBA217DA0C08C5B062A8D62D7369B4D4024CE5D1CE02F205A75B23B8F627353FE506D3C5D28739AF6869A8DFE92E893F55CFE0B11886E240134EA3DA7C27810D738827C3AA3412645C6A9FD989F681AFAA0D4A8D07C3A4C73DC357D223FF0092352DE7CA117C57D9CB3EA53A9FCFF099E19FC4DD5A41DED63D96561BDA3AF52A5560A21B886882D88195A21D4DCD368D7E4BACE0AFA55E8615EDB7D9C0813A5A4B1DEA611A4C4A948D4A384A8E6CB9B26B0D73B4C2DAE17C05B87A52C6DC3C483CC1F7BE2AB1C698DC2E67303981CF766883E1E6718B6F30164FB49ED1B9D5F04EA2EF256349EF00EE089079584A9DB42FA345CDE26F638914CD396DC82E3065D3CDC754F5FC7AAD388A4E0DAA1A1B59CDFBC048CA39445FB2D0E318CA62A9C5541E5634B845C934CB8816D88015980F68195039B4D92EF10BAA362F91CD04DB9DE3E29864E0312F77D9659FCD65378CE7EF4BA0992BA17E3E9B312067065BE407DD86B9D2E3CFFC258D75034603C34786E6B20DEE2411F0F8AE3BDA0C65373705E27F2DC29F88F6E845378F2B5FD447CD128CFEDEA183C634887DB5C9FD435047C55F5A7EEFC37F55CB9E2CC7C511EFBE88C840F7185A32E63B4946F06E261E33670010D398EF32D0397DD9EE569C7CBD7359F5F1CB1AB2E4C1AE44B5FAD859404AF43E3F9E74E4EBE3C56E69559A65105D099CE573E445E16E00006EB6A9B6CB0B0D520AD3A38AE6B1F9375A71E8665E8921FED639A4B25B0E989DD396AE5A93CECE3039153671170D1FF1594FD649F6DBF6B7F874B9E149AF5C8D5C43C9BB8A2F078BBFBE7B734BF772DFA1FB7B1B78BA922248BECB9DE2FC52A36A0A605414F42E0D0F69EED22E3B147629C5C0BA648D86B1D39AE7F8D609E58D7532F60201263CAD3CCFE1EEA3BEBCAAB8E7150E1ED25EFC262DD4C93E76662EA45DBE669BD3950C071C879656C2D504C36A06CB999C5854618B480147075710066A9FCECBC8B1E5CD1C9CDBB84734661FDA8C2307BED6BBFF00ACCB48E621CA560319C6DD41E3C034DB9BCA1CF6786FC9C9FA070B9D5647B5DC39C1A0D4F1018CC2C5CC8370693DBA765A3ED47B64CAA0516D0639B101B519304FE131284C2715F06936990721043A81F331A4E85A756F644818F4B8A5575014EB9F1D823C37974D4645A1AFF7818E6BA4A344B68B5CE7F88043A99A96A8C3AB58E22F1B07751A2C1C4E369171CB41B949D397AA963F88B6AD314C986B6CDBDDBD01D61161B7FDA8AEC754A78AA514F15975DAAB40F75E37A8D320FA2E6BD8EE34FF00B4BD8F13E3171206CF02098F455FB45C5FC5C3D263C7F35911507DE8363DF4BA0F84D67E1DECC4812E6F9C72262E3EA9961F85E26ABE9D5A65E72D463F24E85C5D24475994F84069D721E2ED69A6C1CAA16641FAA9F12E20DA945B518DCA731740D9D9891DADF450E31C43C47B6B30438E4A8EE8FCA263B99296EAB1A75B8E54A942AF842034D263779A8C0D6C76B4A13F8ABB078CAC590F731A1A5CEBEC0BC9E449959F4FC4A349D33724B47F56B3F341E25A4B6A419D5EF76B2397AAA274DED07B461FE09A396258720D5A5865E0F49FAAAF88386231352B3E4D2A74F3319F79F02C3B4CACD6E09B40D2AA6E1FE68E4D8833D56F32BD207C7800BCE5C933958E248CDD6FA74536E7D1C86C662AA52C3D4A99C0AB52A3262D0C149B0D1C9A2C8FF6438C67F0856114E8B040FC4F921A5DD006AC0C160DF5DF880EDBCB3B011007784650C5B58CAD429B766333FE1196E7E652B458F42A1ED0F89892D0DCCD60125A6D26E4D48DF905D1E1F8BD126330049803E90BCDBD9CAECA538707CB21C72DDEE10353B2D06633254735AD9701EF1BE52EF316B27768804F755C5CBE99F5CC7A2B9A0DD56E62CCF67F165D45A4EBA5FA775A0EC485D7CDB639BA9ED1C8511447342FDA159F694ED2F42F284909F6A4921ACA185A62ED2024EE1EC2363F5560C30E6A6DA71A2F136BD1F5FD82FE1ED16BA87D9D8D32365A269F5BA071A4B7717D77F92D7E3DD4F5639FC5D5F3667547B6F600836EDA20B158A2FF00E4369BB10D3707C5F0EA367617063A23B11421C5DE286B4FBD9DC600FE96CD963D4AD4DD57296BAA336AADCF008DFCA6174B36562B80E1DC7CAE7E16A837655CC0CF3CDB8EA8DE2185A4DA45AEC634BC098700F693B105C098F544F19C3B7FEE56C4621A2065A912D68D844495CDBF078693E1B9F8A3CF23B20E84112D5462307C7EA784F63E9D17068391C1995CD2776ED1D96478D37324EE79F5EA518DBB0D9BD048B748374218802F2AA0351E716FA770AD7D19B88E9087A8C7B7CCD9EE3F34770A9AB2221E05C0B077A7E88A342E21E0D3CAF6CC1F2BB76E920F4DD5D58E5C3E537034FE971FBBFBE68C76122CE69836320911D93D5C0E511AB08CAE06F1C883BACED5465B704EF09CC68F2B9CD9E863CA7D42B5B83398363C85ACCDFF001001F98856BE8D4A4D1AED3E876FDEC89A6D7E77B00B96388F505E23E295D54C67B6B3B12FF3086B64F2E9F921EBD705AF637CADCDE63CE2CD016D6378739B58B9A3CA4027FB4E53F994461780B48022E1C49EAE80512E0BF4E6062AAE50D71227DC9D7A4720B4DB802CA023DE2F06FD2E0FCB5463B85C97BAA7BE2A0239C403089F01DE59162D0D1FF3970F9108BECE7A575B1AEFE5D2A63CD59C5CF8D4ED27B049D860DA4F73C4B9EE73F28B00D0034663CAD645FB3BC2C963EA1B38934C3B70D98765F49527E19EE73CB9A7C390D6B74CD16F5014FB1B195C26ABB3165377BD97C5ABD009224FC1750DA94A9BBDFF0011C3EE892D69D65EEDFB2C9C3FB3A6AD48CD969B750DB0EA3A95AD4B0ECA6452A6C81207944EF72E3B94F515D7707AF141B9BDF2335EDAE89AAF1033EEABF855382E6DDB2352E93A6C068149FC3A4DDF328FCD79FA4784AA0E2C0890559F6D6013759FC4387D517A6E951C1E736732E113F55D41F8634BF8833AA487F0CFE14957EF3AFE8FF046A06FAA6F4B262F541ACDDEEB9142891BC2E7B8B53755B36B78507A49F5E4B56AD7DDB65C8E3EB4D426BD668683E50D0338E970B7F8F945058DA618671591ECE65CC0E039802E564632AD1634BF87BF117B9CB51D91BD7223B89F07A1565ED06A93BBDE401D2047C966F01E0D46938D4A8F0F7498653B31BD093AADA40B787F1FC4D76F879ECE10E73A6A3FB86E83E0AE6710A74D8EA4EA95AA1022F14E9CF56B00CDEA4AA2B62F0A6A92EAA0307DCA61ADFF00CDF088F0C3FCD0D6D3FBA2FEE8DD071854A8B5873BBD099F9042543075DE7BAEB6A50A45B620123A15915B83BB5047AA72855C31C49B1BF2899F55D6E0F8631DE62CC8ED9CDB5F995CB70BE1AF0E19E992D9D60FC885DDE0B041A25A4FC498E7328B5355D6C3027CC2F113B1EFFAA06B70B6BA7B411B8E47F395BB9F9CAA6A46B6EFCD4E425785E1AD2D875CC026DA9020C7554E2F838610F027239B31F8091AF4DBD16950AC34E46C7AAD165419A7EEBAC42425AE778870E87006ED20413FD3A0ED07E48CE0B816971DCB4B847528EC5B01F2F5CA3B9D12E0F472C3B9FD46BF45163567F1CC05FDCD5CD3A5CD801F9A2317C325B95A3CC4E46F3B00091DB45A38E1355879E63FFB085B581A00106C79773729C4DAC6C37060C029B07958D009FC4ED4A63C286A4680868EBCFA92574CE0D00DB7F9FE6A80D19934ED64E1781C340D2DA3473D42C41C20B6AE639AD6198CDBB6817A0536DB6FDF35998DC28718227A6C81A0285C7BA00DAC01F96AA35691D44A38D22C6FBB6E634086F167658F51528312372A61E88796A62428B0F55F8892B7CA92587A4FA2399558C0B4AB877253662B5B223D82C7516D369D7D365C56338886025B2013AD4807D3300BBBC7D4390C831AC82BCFF8DBC07B49A59A0E6398662D034B735A704C9E2F5DD59FE19C4BA9C8F766E79CE5D02AF03870186861C3AB1D1F59C4368B798045DD08CA38165626AE2290A40E8D265E6798E686C3F0FAF4DE323C31A4F9586F91BCE362B4D35980F656830E678F100363101C7FA46802E9A970E618F2E5DF2998F41A2A70D45F2DF2971E66FDC995B2D16B6BD349EE9A6D06386536DADFE7B21F11811B4759FD16B7D9F7FDFC550FC283A09FDF348A566D0E1EE996C8EB36F82D5A6C23517DE15D84A31D13D69DA7E28309893BFCD60717E21E1B09365A98CA87F7BAE07DB3AC7CA06937449A62387FB5FE6871B7EEEBB0E1FC6039B7FD85E3CD7076D046E1753C06BB9A03A4E9A731C8AAEB8C839BAF4E7D70E8748DAFB9E451D83AF2206916EFBAE3B0B8C22D683A4ADDE1B25A6351759635C6C53A9244C588BF44751C68CCE03631FEBE6B9CA60C8FC22D3CCEC9CE24B41004B893FF001848AC6871AF695B406673872689F45B1C17181ED6BB59DF6F45E07ED471379C4F9BCD93406E2D7D17A0FF00D25E2CFAC6B308860870E41C6643790D15DE326A2DFE1EB14DB6D955518D3BFC14F0F165754A614C406AB4DB97A2C3AF48027295B78D2D0DF33411DA573B5DCC9F2E9D3F453DAB949CD5136DD0CEAC7625485758E345D9CF44953E2B52461EA3F6ED6EA2389367E8B21EF317B7ACA16B5702755D39186B77158D2E690D765991369F8AE45E6B673E76D9B2047FECF3B0EE512FC740E9F358DC52AB9EE0C14F3CEA1C4E46F581A955208541C5EECEF7F8867DF240A60F2A6DD4C7E25B540345E493CC40F9EEB2B09449BB80B6968D36ECB419888D74F5B760AB05AD367D773F92BA90738DA40F82129559B9B7D7FC23E9BFFD2442695211CFBE89DC7611D1541D2A6D2A4E274E81DCA8D567F52B849DE10CFA60733DD06C9C7323703E6B8DF68B0DE24B4C748E7F92EBF1F55C6DF40B33F8731DA937D85A7AA35731C1E1F82DE26574981C039ADB85A6FC1318ED328E67EA7A23AA580888264C6855F95A7248CCA74493D8AECF836173346D220ECB2E8604139847A2E87095006F2FDEEB3AB4DBC3DA353A68B3313872C2E04EA2DDAD75AB87C589F786AAEAD836BE5D1127F614FB0F2EF697D992F3E268E3711F55DBFF00D35C136851C8C649265CEE674BAB6A619EFF002968001DE66DDCAD1C053F08CFEFD2344EF56C4D91D6D1108A17080C1E25AE68D8FCCA2E4F24E31B0071275A2C0AE7EBD1124F3F8ADAE266751FA8F558F52938750B3F92AF90C70E364CFA477D1585A47DDBA76B964D02E449159D24B03927D49EF1AA14D4D8EBFBD51551B16D8041D4E53D7D39AE99D31F1078A7DADEBC8F40B2712493EF45F9C69A2D8AF713F4FCD0389C10719F8FC3657295F486031B1EF3A4ED79F45A54F1124068BEE4E81603F0D13040E51AC72EEAA662DCCDC91F51D557D93B4A75DA37F545D2C44D9BEBFE4AE270FC4EF075903B1E43F55A785E2C1CFF000DA7CBA970D32F327AF3460762C78E6A41FCBD162E0F161D76C641A7231691CCF545B7133B93FA28C3681AC06B286AF892743655F8B6FD942D62A6AA2D1881CBE290AAD3A01F42832D1FB2A190936FCD10CD8BF7849F9EC88C1D702C6FCA5515C86EA0177D3F550A6FCB726E15CAA82AA627C3060C4AE678DF1E7C80D791E6831F55A7C42B482570F8F3CE4C19B2730574581C45673C8155DF15DC7B2FC65CE8A355DE6D27AEC0F55E42DE255019123EB65D0706E265F543A1C1E4893DB43DD3B2614D7AED70490DD3F347E1FCA20C13D5673C663330A2CAA7733DB5FF002B9FA374B877DB41E88D356DBAC3C01D0CCA2EB626DAC75FC956A2FDA8C53893AFA2181E90A6FAD7B850F1DBD57377D7B6BCC40D5E8A30C3B156666A8168D9D0A253C4BC26754957E19FC63E2927FF0046393A8CBDF53A0DE108EA467436FDC15B0EA60C831D473E77D945F4041DF6F41B2E88CEB10D2D47EE4A1FC013F45B9E091D4EC3BF3507604FA7C5692A2B98AF879D05F5D167D6C25CC37F7BAECBEC045A7E3F241D6C1418227E4B4949C4D5C3106DCB5EBBA67B8B5B946F7204DCEC1DD3A2E9B1182681311172167D4C0EB06FDAF28F2181B078D20799DC8468239346CB6B07C5838E5101BB738EAB9FAF812D3D7E3FB2ABA2C734E97D5DC801A009FA2758EE222728568AD37257134B893C389DE49D01B2B0F117032F7673F87EE831C829BCAA3B11501BC88E7B7C533B1F021BF1DCAE30F13713E624E9A5876013FF00157B4DAC08B6E4FE8A6C5CE75D88ACD02F73B74FF285224EB6D572B531EE035DBE72A34B8C38589D52BCD3FA7586883659588E08E9B42A297197488B8DD174F8CB8DB430A76C3D523809304013D5743ECF7060C707BB50663B2C8A9C48CB7CD7845E171CF205E44D8F31CFE88F23AED598BCC6C8EA14E7B2E57018922C75D96E51C5B8441F4FD54DB138DA6123E96D541B8B74C1648E7CFBA1C57CC2C4023D558DC4E8214DE862EA5881696FA044B2AB7920A7733FAAB03065B6F7D64CA5A04BFC311702533A834EE3E3BA08D468126DCA74F5E4AB970320DB97E695F1195A9F61672F9A4B37ED6FFC4925E87B0A30B3B1BDBFDA9D4C1916104DC47EA8BCC401276EDEBD9444D88337F977DD7448CED0A2935A262E35F4EA93E9004012373DD15500CBBDF96B3D9525A4B6666D13F92002A8DBDF49BC0DFAAA9D8769D8C441E5AFD51E4911613D2FF243D476A083D3BA34466D6C10CD1946589CC7A21AB70E9B8D07C6169B5EE04922C48B299234E5AFA9D12D3C7375785B60CB600BCEE07359F89C036D637E9CBF55D7E229B098E961FE50D8AC20ED023A1D13F218E1F1382A60685A4EDF94ACE7F0F06C365DAE2F040D8B743AA0EA61AD25BCC5D54A1C6E23045A209CBDF655B291208B11B1DE574F570E264DC11170645F6D954DC10FBB13D15791ED8E7C53B011304A1FC2E7F15D18C1C589F4DD2760E206B274EA14E9EB0F0E7A41E7A2D4A0D06D7985A0DC135D78FD7E08AA18568B5AF7E47E2A6D395954DA763247D392D2C2905A2416C5E07344D5E164DC5FE47E5AABE8E1835A01CC3624F3DBD5656AE2186692E813FDC08969EC56B516BEDE6903A6FBCA87F0FA62730873AF237B45B91B2D06604868CB2081A6A0F6ED75975AAFA2C162886990753E6EFA596836B82627EAB3A9E0CCEA64E84E9D8A949077EC77FF00291E46ABAAB6DDF58943D470CC60C7EF543DC4998E40CEBD7928C1700436F7D34B1E6354FEC645EC791A924697DFF444B5AE37023D6E3F550761CC6D3F7A4F97BA05D871A19E9720FF00A5385E9A5E1D5FC43E01258FFC39DCFE47F54E8C1E9D1D5D4AAF86FB9FF12924BB9CD52A1A7A2833DDF5492502A5574F87D508CF787749248E06C56AFF004FA84050F79DFBDC2649234DDA8EC88ABEE7A14E922002FF0077E3F5287A9B2492B819AFFBDE9F9AAE8EC92482A0DFEF9FEEFC941DAFA94924E98CC1FBBF1FCD12EF74FF00624928A6D4A1FF006C7EF64654FBDD9A924B2AB81F8B683BAD2E0BFF006DBD9324974AEBE8AA68EFEEFD1595B56F73F40924A614FA2C4FB87B1FAABF0FA1FEEFD12491167A5EEFEF92435F87FF009092484D5E9249209FFFD9',NULL);

#
# Data for table "m_user"
#

REPLACE INTO `m_user` (`u_Id`,`u_name`,`u_mailaddr`,`u_pass`,`u_post`,`u_address`,`u_tel`,`u_birth_day`,`u_sex`) VALUES ('','aaa','aaa','tNGXL','737-7879','aaa','11111111','1990-08-14','m'),('0002','吉本直人','xxxxyyyy@gmail.co.jp','bcd8ff12690141d4de68ad439cfb7955d0b49fde0dfca8ae5daaec10105a844a','7330001','広島県','12345678','1990/8/14','1'),('0003','国貞正樹','xxxxyyyy@gmail.co.jp','123131213','7330001','広島県','12345678','1990/8/14','1'),('0004','森口有機','xxxxyyyy@gmail.co.jp','123131213','7330001','広島県','12345678','1990/8/14','1'),('0005','石山大樹','xxxxyyyy@gmail.co.jp','d74ff0ee8da3b9806b18c877dbf29bbde50b5bd8e4dad7a3a725000feb82e8f1','7330001','広島県','12345678','1990/8/14','1'),('0006','西川あんこ','xxxxyyyy@gmail.co.jp','123131213','7330001','広島県','12345678','1990/8/14','1');

#
# Data for table "oc_user"
#


#
# Data for table "procate"
#


#
# Data for table "product"
#


#
# Data for table "sequence"
#

REPLACE INTO `sequence` (`SEQ_NAME`,`SEQ_COUNT`) VALUES ('SEQ_GEN',0);

#
# Data for table "t_buy_history"
#


#
# Data for table "t_cart"
#

REPLACE INTO `t_cart` (`u_id`,`p_id`,`count`,`price`,`datetime`,`expiration`) VALUES ('0002','0002',1,1,X'323031312D31312D31312030303A30303A30302E30',X'323031312D31312D31312030303A30303A30302E30'),('0005','0041',0,1100,X'323031372D31302D31372031363A34333A35382E33',X'323031372D31302D31372031363A34333A35382E33');

#
# Data for table "t_pro_cate"
#

REPLACE INTO `t_pro_cate` (`p_id`,`c_id`) VALUES ('0003','0011'),('0004','0011'),('0005','0011'),('0006','0002'),('0007','0002'),('0008','0002'),('0009','0002'),('0010','0002'),('0011','0003'),('0012','0003'),('0013','0003'),('0014','0003'),('0015','0003'),('0016','0004'),('0017','0004'),('0018','0004'),('0019','0004'),('0020','0004'),('0021','0005'),('0022','0005'),('0023','0005'),('0024','0005'),('0025','0005'),('0026','0006'),('0027','0006'),('0028','0006'),('0029','0006'),('0030','0006'),('0031','0007'),('0032','0007'),('0033','0007'),('0034','0007'),('0035','0007'),('0036','0008'),('0037','0008'),('0038','0008'),('0039','0008'),('0040','0008'),('0041','0009'),('0042','0009'),('0043','0009'),('0044','0009'),('0045','0009'),('0046','0010'),('0047','0010'),('0048','0010'),('0049','0010'),('0050','0010');

#
# Data for table "user"
#

